Kode,Nama Customer,Alamat,Telepon,Tipe,Sales,Aktif,PIC Kendala Bongkar,Kontak,user_define1,user_define2,user_define3,user_define4,user_define5,user_define6,user_define7,user_define8,npwp,Company,pkp,email,credit_limit,Kode Internal SAP,Kode Eksternal,commitments_amount,remaining_amount,oldest_open_item,Flag API,Cek Plafon Bank,Cek Plafon SAP,ID Telegram,Norek BRI,Oid
CUS24040006,PT. SUPERIOR PRIMA SUKSES,"JL. RAYA KUPANG BARU NO. 27, DESA KUPANG, KEC. DUKUH PAKIS, KOTA SURABAYA, JAWA TIMUR 60225",0317323700,Company,PUTRA BAGUS FERMANSYAH,TRUE,,HENRIANTO,,,,,0,0,0,,314113663616000,11,,roni@superior.co.id,"1,700,000,000",2127230,2127230,"740,976,432","959,023,568",26.11.2025,,FALSE,FALSE,,,501
CUS24060002,CV. MUZA BERKAH ABADI,"PULE RT.004 RW.003, BAKALAN PULE, TIKUNG, KABUPATEN LAMONGAN",085852500027,Company,PUTRA BAGUS FERMANSYAH,TRUE,,IMAM MUQIBIN,,,,,0,0,0,,99.983.966.5-645.000,11,,,"966,000,000",2131350,2131350,"631,300,000","334,700,000",25.11.2025,,FALSE,FALSE,,,513
CUS25100002,PT. TRIATA MULIA INDONESIA,RUKO DELTA FORTUNA 02 NGINGAS KEC . WARU KAB. SIDOARJO,0315052246,Company,IRWAN ADI SAPUTRO,TRUE,,ARIEF BUWONO,,,,,0,0,0,,03.008.997.3-617.000,11,,triatama@triatama.co.id,"50,000,000",2122826,2122826,"6,600,000","43,400,000",23.11.2025,,FALSE,FALSE,,,663
2103983,UD RAHAYU ABADI,"JALAN VETERAN NOMOR 89 KEBOMAS GRESIK, KEL. SINGOSARI,",085257817456,Company,RUDIANTO,TRUE,,,,,,,0,0,0,,,11,,,"20,000,000",2103983,2103983,"6,000,000","14,000,000",01.12.2025,,FALSE,FALSE,,,341
CUS25110002,SUGENG HARIYANTO,"JL. VETERAN MADYA NO. 03, RT.001 RW.003, KEL. GENDING, KEC. KEBOMAS, KAB. GRESIK",,Retail,PUTRA BAGUS FERMANSYAH,TRUE,,SUGENG HARIYANTO,,,,,0,0,0,,485970867612000,11,,,"5,000,000",2137515,2137515,0,0,,,FALSE,FALSE,,,669
CUS25100005,PT. YCH INDONESIA MULTIMODAL TRANSPORT,"JL. RAYA KALIMALANG KM.2, KEL. SUKADANAU, KEC. CIKARANG BARAT, KAB. BEKASI, JAWA BARAT 17531",0218830828,Company,RIKI NOVA SURYATMAJA,TRUE,,CHIN BOON YAP,,,,,0,0,0,,202911822413000,11,,ridho.akbar@ych.com,0,2137295,2137295,0,0,,,FALSE,FALSE,,,666
CUS25010005,PT FAJAR FEROSAND SUKSES,"District 8, Treasury Tower Lantai 6 Unit F, Jalan Jend. Sudirman Kavling 52-53, SCBD Lot 28, Desa/Ke",,Company,ANDY ZUNAN HILMI,TRUE,,Bp. William Gunawan,,,,,0,0,0,,0139492805012000,11,,fajarferosandsukses@gmail.com,"4,774,000,000",2135454,,"4,119,788,682","654,211,318",31.10.2025,,FALSE,FALSE,,,579
CUS25110004,PT. BIO CIPTA LESTARI,"KOMPLEK NUANSA BIRU NO.17, JL, KAMPUNG JATI R005 RW003 RAMBUTAN CIRACAS",082140440005,Company,IRWAN ADI SAPUTRO,TRUE,,BHIMA ARIES DIYANTO,,,,,0,0,0,,0998712038068000,11,,info@biolestari.co.id,0,,,0,0,,,FALSE,FALSE,,,671
CUS24050005,PT BAMAS MULIA FELDSPARINDO,"JL. RAYA PAGEDONGAN KM 5 RT 004 RW 001 DESA PAGEDONGAN KECAMATAN PAGEDONGAN, BANJARNEGARA, JAWA TENG",085226046968,Company,ARLI TRI WIGUNA,TRUE,,WARHAM SYAFAAT,,,,,0,0,0,,95.230.023.4-529.000,11,,,"100,000,000",2132253,2132253,"34,253,100","65,746,900",12.11.2025,,FALSE,FALSE,,,508
CUS24010009,CV. BUMI MINERAL INDONUSA,"JL. PANTAI INDAH KAPUK NO.1, KOMP. RUKO TOHO BLOK E NO.1 RT.001 RW.003, PENJARINGAN, JAKARTA UTARA",02155965095,Company,ANDY ZUNAN HILMI,TRUE,,SURYADI CHANDRA,,,,,0,0,0,,746210392047000,11,,"suryadi@ballclays,com","650,000,000",2127375,2127375,"325,240,000","324,760,000",22.11.2025,,FALSE,FALSE,,,481
CUS24060003,PT. ANTAR GLOBAL PROSPERO,"JL. PROKLAMASI FISIKA 16, DESA SIDOMORO, KECAMATAN KEBOMAS GRESIK JAWA TIMUR",085843982421,Company,HARI KUSNANDAR,TRUE,,HARMAWAN SULISTIYO,,,,,0,0,0,,93.898.409.3-612.000,11,,agroscommbased@gmail.com,"108,000,000",2131349,2131349,"107,836,518","163,482",12.12.2025,,FALSE,FALSE,,,514
2100032,"SEMEN GRESIK, PT","JL. VETERAN, KEBOMAS",0356325001,Semen Indonesia Group,ADIB SUAIB,TRUE,,,,,,,0,0,0,,010614014051000,11,,,"50,000,000,000",2100032,2100032,"48,667,129,555","1,332,870,445",19.10.2025,,FALSE,FALSE,,,254
CUS25100006,KHOIRUL MEI DWI SULISTIYONO,"PULE RT.001 RW.003, KEL. BAKALAN PULE, KEC. TIKUNG, KAB. LAMONGAN, JAWA TIMUR",,Retail,PUTRA BAGUS FERMANSYAH,TRUE,,KHOIRUL MEI DWI SULISTIYONO,,,,,0,0,0,,706136025645000,11,,,0,2137461,2137461,0,0,,,FALSE,FALSE,,,667
CUS25110006,PT. GARAM NUSANTARA LESTARI,"DUSUN 01 / BLOK BLANGKO, KEL. KALIPASUNG, KEC. GEBANG, KAB. CIREBON, JAWA BARAT",083821269377,Company,PUTRA BAGUS FERMANSYAH,TRUE,,IJO MICHAEL HENDRI,,,,,0,0,0,,0746258086420000,11,,garamnusantaralestari@yahoo.com,0,2137658,2137658,0,0,,,FALSE,FALSE,,,673
2103575,"TRI PURWITA JAYA ABADI, C",JL ACHMAD YANI BARAT I NO.17,0,Company,RUDIANTO,TRUE,,,,,,,0,0,0,,,11,,,"471,000,000",2103575,2103575,"173,188,320","297,811,680",28.11.2025,,FALSE,FALSE,,,298
2103748,"CS2 POLA SEHAT, PT",JL YOS SUDARSO NO 143 KEBON BESAR BATUCEPER TANGERANG,0,Company,SEFTI MARDIANTI,TRUE,,,,,,,0,0,0,,,11,,,"1,000,000,000",2103748,2103748,"549,197,447","450,802,553",26.11.2025,,FALSE,FALSE,,,331
CUS25100003,PT. DHARMA KURNIA UTAMA,"CHR OFFICE, GRAND SLIPI TOWER, LT 9 UNIT O, JL. JEND. S PARMAN KAV. 22-24, KEL. PALMERAH, KEC, PALME",087770062610,Company,RIKI NOVA SURYATMAJA,TRUE,,,,,,,0,0,0,,198840035031000,11,,dharmakurniautama@gmail.com,"8,300,000",2137428,2137428,0,0,,,FALSE,FALSE,,,664
CUS25110001,PT. DANTOSAN PRECON PERKASA,"JL. RAYA KOSAMBI CURUG KM 2, KEL. WALAHAR, KEC. KLARI, KAB. KARAWANG, JAWA BARAT",0267431930,Company,RIKI NOVA SURYATMAJA,TRUE,,MOCHTAR SULAIMAN,,,,,0,0,0,,015131345431000,11,,info@precon.co.id,0,2137489,2137489,0,0,,,FALSE,FALSE,,,668
2100573,"SINAR INDOGREEN KENCANA,","JL. PONOKAWAN 8B RT. 001 RW. 002 KM. 27 SIDOARJO KRIAN, SIDO",0,Company,PUTRA BAGUS FERMANSYAH,TRUE,,IBU SISCA,,,,,0,0,0,,318007911603000,11,,,"2,770,000,000",2100573,2100573,"2,667,184,789","102,815,211",23.11.2025,,FALSE,FALSE,,,269
CUS25100004,PT. RBM LOGISTIK INDONESIA,"JL, MH THAMRIN KAV 28-30, KEL. GONDANGDIA, KEC. MENTENG, KOTA JAKARTA PUSAT, DKI JAKARTA",02129926863,Company,RIKI NOVA SURYATMAJA,TRUE,,AGUS AHAYA MILE,,,,,0,0,0,,0862465119453000,11,,agusamile@gmail.com,"20,000,000",2137130,2137130,0,0,,,FALSE,FALSE,,,665
CUS25070003,PT PRASADHA PAMUNAH LIMBAH INDUSTRI,"SAMPOERNA STRATEGIC SQUARE, JLN. JENDERAL SUDIRMAN KAV. 45-46, Desa/Kelurahan Karet Semanggi, Kec. S",,Company,ANDY ZUNAN HILMI,TRUE,,0218674042,,,,,0,0,0,,,11,,oss.admin-3@ppli.co.id,"1,800,000,000",2136597,,"943,170,000","856,830,000",20.12.2025,,FALSE,FALSE,,,624
2100025,SOLUSI BANGUN INDONESIA TBK.,GEDUNG TALAVERA SUITE LT 15 TALAVERA OFFICE PARK JL. LETJEN,02129898555,Semen Indonesia Group,ADIB SUAIB,TRUE,,,,,,,0,0,0,,010017077092000,11,,,"300,000,000,000",2100025,2100025,"159,855,198,405","140,144,801,595",25.11.2025,,FALSE,FALSE,,,253
CUS25110005,PT GAJAH MAHARDDHIKA PERKASA,"Jalan Margorejo Tangsi VI Nomor 18, Desa/Kelurahan Margorejo, Kec. Wonocolo, Kota Surabaya, Provinsi",,Company,ANDY ZUNAN HILMI,TRUE,,Bu Putri,,,,,0,0,0,,000000005759092,11,,,0,,,0,0,,,FALSE,FALSE,,,672
2300003,VARIA USAHA DHARMA SEGARA,"JL. VETERAN NO.171 A RT.02 RW.01, GENDING, GRESIK",0,Company,ADIB SUAIB,TRUE,,,,,,,0,0,0,,,11,,,"3,500,000,000",2300003,2300003,"2,692,013,218","807,986,782",18.11.2025,,FALSE,FALSE,,,472
2101406,"EKAMAS FORTUNA, PT","DESA GAMPINGAN NO.01 PO BOX 259 GAMPINGAN PAGAK, KAB. MALANG",0,Company,PUTRA BAGUS FERMANSYAH,TRUE,,BU AULIA,,,,,0,0,0,,013595608651000,11,,,"4,615,000,000",2101406,2101406,"4,081,182,411","533,817,589",26.11.2025,,FALSE,FALSE,,,281
CUS25110003,ARIF HANDOKO,"JL. PASIR KENCANA III N3, RT. 004 RW.008 KEL. MEKARJAYA, KEC. RANCASARI, KOTA BANDUNG",085294965919,Retail,RIKI NOVA SURYATMAJA,TRUE,,ARIF HANDOKO,,,,,0,0,0,,468295662423000,11,,,"5,000,000",2136652,2136652,0,0,,,FALSE,FALSE,,,670
2103613,"PANDU DUMADI LUHUR, PT",G-WALK W-2 NO.18 CITRALAND,0,Company,RIKI NOVA SURYATMAJA,TRUE,,,,,,,0,0,0,,,11,,,"50,000,000",2103613,2103613,"44,491,340","5,508,660",31.05.2025,,FALSE,FALSE,,,308
CUS25080003,IVAN TJAHJADI,"JL. GARUDA III NO. 6, RT.007 RW.001, KEL. PEKIRINGAN, KEC. KESAMBI, KOTA CIREBON, JAWA BARAT",,Retail,RIKI NOVA SURYATMAJA,TRUE,,IVAN TJAHJADI,,,,,0,0,0,,908212103426000,11,,,"5,000,000",2136737,2136737,0,0,,,FALSE,FALSE,,,630
CUS24120008,PT BERKAT JAYA DEVELOPMENT,"WATERPLACE RESIDENCE TOWER TOKAN B 01, Desa/Kelurahan Babatan, Kec. Wiyung, Surabaya",08112812151,Company,ARLI TRI WIGUNA,TRUE,,RIFQI RIF'AN FAUZI,,,,,0,0,0,,82.309.556.7-642.001,11,,legalbjd@gmail.com,0,2134440,2134440,0,0,,,FALSE,FALSE,,,571
CUS24050008,PT. SAMCO DWI PERKASA,JL AH WITONO KOMPLEK PASAR 1 RT 004 RW 001 KEL LINGGA JAYA KEC MANGKUBUMI TASIKMALAYA JAWA BARAT,0265 5600048,Company,ADIB SUAIB,TRUE,,0265 5600048,,,,,0,0,0,,0994 5202 0342 5000,11,,samcodwiperkasa@gmail.com,0,2132364,,0,0,,,FALSE,FALSE,,,511
2127945,"INDONESIA POWER, PT",JL. JENDRAL GATOT SUBROTO KAV 18 RT 005/ RW 004,0,Company,RIKI NOVA SURYATMAJA,TRUE,,,,,,,0,0,0,,,11,,,0,2127945,2127945,0,0,,,FALSE,FALSE,,,436
CUS25070004,PT. ARTHA KENCANA SOCOREJO,JL Tuban-Semarang KM 23 Desa Socorejo Kec Jenu Kab Tuban Jawa timur  62352,,Retail,RUDIANTO,FALSE,,,,,,,0,0,0,,100000002962172,11,,,0,2136628,,0,0,,,FALSE,FALSE,,,625
2100619,"BILDO BANGUN PERKASA, PT",JL DANAU SENTANI RAYA H1 B25 KAV.SAWOJAJAR - MALANG- JAWA TI,0341724862,Company,PUTRA BAGUS FERMANSYAH,TRUE,,BAPAK ANDRIONO,,,,,0,0,0,,718621584623000,11,,,"5,000,000",2100619,2100619,0,0,,,FALSE,FALSE,,,271
2100079,"SURYA BUANA SENTOSA, PT",JALAN PERAK TIMUR 220,0313293582,Company,RIKI NOVA SURYATMAJA,TRUE,,,,,,,0,0,0,,012560249631000,11,,,0,2100079,2100079,0,0,,,FALSE,FALSE,,,257
CUS24020006,YAYASAN SATYA VIDYA INDONESIA,"HR MUHAMMAD NO. 371, RT.006 RW.001, SONOKWIJENAN, SUKOMANUNGGAL, SURABAYA",083830799903,Retail,PUTRA BAGUS FERMANSYAH,TRUE,,SUMIANTO TANDI,,,,,0,0,0,,026226720604000,11,,,0,2131756,2131756,0,0,,,FALSE,FALSE,,,490
2100162,"SAMUDRAJAYA PRATAMA, PT",JL. PERAK TIMUR NO. 524-A RT.002 RW.003 PERAK UTAMA PABEAN,0,Company,RIKI NOVA SURYATMAJA,TRUE,,,,,,,0,0,0,,016211195613000,11,,,0,2100162,2100162,0,0,,,FALSE,FALSE,,,259
2100282,INDONESIA MARINA SHIPYARD,"JL. AMAK KASIM - SIDORUKUN, GRESIK",0215223414,Company,RIKI NOVA SURYATMAJA,TRUE,,,,,,,0,0,0,,021829742612001,11,,legalimsjkt@gmail.com,0,2100282,2100282,0,0,,,FALSE,FALSE,,,262
2100320,SUMBER BUANA JAYA,JLN ARTERI NO. 168 KELAPA DUA,0,Company,RIKI NOVA SURYATMAJA,TRUE,,,,,,,0,0,0,,023797152035000,11,,,0,2100320,2100320,0,0,,,FALSE,FALSE,,,263
2100337,TIANG AWAN LOGISTIK INDON,PERKANTORAN BUNCIT MAS BLOK B8 JL. MAMPANG PRAPATAN RAYA NO.,0,Company,RIKI NOVA SURYATMAJA,TRUE,,,,,,,0,0,0,,024870859014000,11,,,0,2100337,2100337,0,0,,,FALSE,FALSE,,,264
CUS25090011,,,,,,FALSE,,,,,,,0,0,0,,,,,,0,,,0,0,,,FALSE,FALSE,,,648
CUS25020005,PT. AGUS JAYA KARDUS,"JL. BYPASS NGURAH RAI (AREA MAGROVE), KEL. PEMOGAN, KEC. DENPASAR SELATAN, KOTA DENPASAR",089604467672,Company,PUTRA BAGUS FERMANSYAH,TRUE,,AGUS NANDA YUDISTIRA,,,,,0,0,0,,07746019.4903000,11,,,"19,000,000",2135261,2135261,0,0,,,FALSE,FALSE,,,589
2100342,PANCA PUTERA CIPTA PERKAS,JL. BRIGJEND KERTARTO NO. 98 DESA/KEL. MOJONGAPIT,0321853031,Company,RIKI NOVA SURYATMAJA,TRUE,,,,,,,0,0,0,,025253642641000,11,,,0,2100342,2100342,0,0,,,FALSE,FALSE,,,266
CUS24020007,PT EUROINDO GLOBAL TRANSPORT,"GD. MENARA 165 LT.3 A2, JL. TB SIMATUPANG BLOK CILANDAK TIMUR, PASAR MINGGU KOTA, DKI JAKARTA",0811832099,Company,ANDY ZUNAN HILMI,TRUE,,SUHARYO IRIANTO,,,,,0,0,0,,508584851017000,11,,euroindoglobaltransport.pt@gmail.com,0,2131755,,0,0,,,FALSE,FALSE,,,491
CUS24040008,PT SEMEN PADANG,,,Company,ADIB SUAIB,TRUE,,,,,,,0,0,0,,,11,,,0,2100007,2100007,0,0,,,FALSE,FALSE,,,503
2100661,"TRI PUTRI MANUNGGAL JAYA,",KP. CILANGKAP RT/RW.002/001 DESA.SUKAMANAH KEC.RANGKASBITUNG,0,Company,RIKI NOVA SURYATMAJA,TRUE,,,,,,,0,0,0,,746546621419000,11,,,0,2100661,2100661,0,0,,,FALSE,FALSE,,,272
2100673,"ANDONG SURYA PERKASA, PT",RUKAN KARAWACI OFFICE PARK BLOK EXCELUS NO.52 PANUNGGANGAN B,0,Company,RIKI NOVA SURYATMAJA,TRUE,,,,,,,0,0,0,,759938160402000,11,,,0,2100673,2100673,0,0,,,FALSE,FALSE,,,273
2100679,SI INTERNATIONAL TRADING,105 CECIL STREET #06-02 H THE OCTAGON,0,Company,RIKI NOVA SURYATMAJA,TRUE,,,,,,,0,0,0,,765736160067000,11,,,0,2100679,2100679,0,0,,,FALSE,FALSE,,,274
2101089,"SINAR INDAH JAYA KENCANA,",KOMPLEKS INDUSTRI CIKEDOKAN RT 03 / RW 02 DS SUKADANA CIBITU,0,Company,RIKI NOVA SURYATMAJA,TRUE,,,,,,,0,0,0,,018098780431000,11,,,0,2101089,2101089,0,0,,,FALSE,FALSE,,,278
2101137,"PERMATA INDIKA MANDIRI, P","JL. CIATER RAYA NO.8 RUKO EASY READER RT.007 RW.010 SARUA, C",0,Company,RIKI NOVA SURYATMAJA,TRUE,,,,,,,0,0,0,,829554237453000,11,,,0,2101137,2101137,0,0,,,FALSE,FALSE,,,279
CUS25100001,PT. JAWA PRATAMA MANDIRI,"JL. KARAH AGUNG 45, KEL. JAMBANGAN, KEC. JAMBANGAN, KOTA SURABAYA, JAWA TIMUR",0318290606,Company,PUTRA BAGUS FERMANSYAH,TRUE,,LIBERT HUTAHAEAN,,,,,0,0,0,,016815144631000,11,,contact@jpmmandiri.com,"10,000,000",2136897,2136897,0,0,,,FALSE,FALSE,,,662
2100011,"SEMEN TONASA, PT","DESA BIRINGERE, PANGKAJENE KEPULAUAN BUNGORO",0410312345,Semen Indonesia Group,ADIB SUAIB,TRUE,,,,,,,0,0,0,,010004745051000,11,,,0,2100011,2100011,0,0,,,FALSE,FALSE,,,250
2101074,"TUNTAS SMART SOLUSI, PT",PERUM GRAND SOETOMO BLOK E-8 RT 004 RW 011 TLOGOPATUT GRESIK,0,Company,RIKI NOVA SURYATMAJA,FALSE,,,,,,,0,0,0,,947659561612000,11,,,0,2101074,2101074,0,0,,,FALSE,FALSE,,,277
2103394,"CITRA LUHUR MANDIRI, PT","DESA PADASAN CILIK, BARUKAN RT 01 RW 002 BARUKAN,MANISRENGGO",0,Company,RIKI NOVA SURYATMAJA,TRUE,,,,,,,0,0,0,,919233650525000,11,,,0,2103394,2103394,0,0,,,FALSE,FALSE,,,283
2103395,"SAMUDERA ELANG PERKASA, P",KEBAK JETIS RT. 01 RW. 09 NANGSRI KEBAK KRAMAT KARANGANYAR,0,Company,RIKI NOVA SURYATMAJA,TRUE,,,,,,,0,0,0,,866014038528000,11,,,0,2103395,2103395,0,0,,,FALSE,FALSE,,,284
2103396,TUDER KAPUR BUMI INDONESI,JL. RAYA SALE- LASEM KM.5 DK TUDER DESA WONOKERTO KEC. SALE,0,Company,RIKI NOVA SURYATMAJA,TRUE,,,,,,,0,0,0,,318228798507000,11,,,0,2103396,2103396,0,0,,,FALSE,FALSE,,,285
2103398,"SINGA GRAHA PERKASA, PT",KOMPLEK RUKO THE TAMAN DAYU BLOK F KARANGJATI PANDAAN PASURU,0,Company,RIKI NOVA SURYATMAJA,TRUE,,,,,,,0,0,0,,412259095624000,11,,,0,2103398,2103398,0,0,,,FALSE,FALSE,,,287
2103399,"LANCAR MAKMUR SAKTI, PT",JALAN RAYA PLOSOKANDANG NO 2 DUSUN KUDUSAN RT 001 RW 001 TUL,0,Company,RIKI NOVA SURYATMAJA,TRUE,,,,,,,0,0,0,,416541837629000,11,,,0,2103399,2103399,0,0,,,FALSE,FALSE,,,288
2103401,"SURYA GEMILANG RAYA, CV",PERUM PESONA PERMATA GADING I BLOK A NO 14 RT. 001 RW.015 BL,0,Company,RIKI NOVA SURYATMAJA,TRUE,,,,,,,0,0,0,,861341733617000,11,,,0,2103401,2103401,0,0,,,FALSE,FALSE,,,289
2103414,"SINAR INDAH KENCANA JAYA,",GUDANG CIBITUNG,0,Company,RIKI NOVA SURYATMAJA,TRUE,,,,,,,0,0,0,,,11,,,0,2103414,2103414,0,0,,,FALSE,FALSE,,,290
2103415,"PEMBAYARAN TUNAI, PT",PEMBAYARAN TUNAI,0,Company,RIKI NOVA SURYATMAJA,TRUE,,,,,,,0,0,0,,,11,,,0,2103415,2103415,0,0,,,FALSE,FALSE,,,291
2103430,"WIRA HANDAL SEJAHTERA, PT","RUKO CBD PALM BLOK B1 NO 21 PALM PARADISE,JL.BOULEVARD TAMAN",0,Company,RIKI NOVA SURYATMAJA,TRUE,,,,,,,0,0,0,,,11,,,0,2103430,2103430,0,0,,,FALSE,FALSE,,,292
2100137,"JASA PRIMA SEJAHTERA, PT",JL KRUKAH SELATAN 14-A/I,0,Company,RIKI NOVA SURYATMAJA,TRUE,,,,,,,0,0,0,,015106206609000,11,,,0,2100137,2100137,0,0,,,FALSE,FALSE,,,258
2100511,"KERETA API LOGISTIK, PT","JL. K.H. WAHID HASYIM NO.11A, JAKARTA PUSAT",0,Company,PUTRA BAGUS FERMANSYAH,TRUE,,MOCH JAWAWI,,,,,0,0,0,,211238829093000,11,,,"750,000,000",2100511,2100511,"686,611,300","63,388,700",29.01.2024,,FALSE,FALSE,,,267
2103397,"OKI PULP & PAPER MILLS, P",SINAR MAS LAND PLAZA TOWER II LT 9 JL. M.H THAMRIN NO 51 GON,0,Company,SEFTI MARDIANTI,TRUE,,,,,,,0,0,0,,032034811076000,11,,,0,2103397,2103397,0,0,,,FALSE,FALSE,,,286
2100188,KOPERASI KARYAWAN USAHA SEMEN GRESIK,RUKO KARTINI MEGAH BLOK A NO. 3 JL. KARTINI NO. 150-152,0313987835,Company,RIKI NOVA SURYATMAJA,TRUE,,,,,,,0,0,0,,017219718641000,11,,,0,2100188,2100188,0,0,,,FALSE,FALSE,,,261
2103444,PT KAWASAN INDUSTRI DUMAI,JL. PULAU SUMATERA KAWASAN INDUSTRI NO 1 PELINTUNG,0,Company,RIKI NOVA SURYATMAJA,TRUE,,,,,,,0,0,0,,,11,,,0,2103444,2103444,0,0,,,FALSE,FALSE,,,294
2103455,IKHSAN GROUP,"DS. MELIRANG RT.27 RW.10, BUNGAH, GRESIK",0,Company,RIKI NOVA SURYATMAJA,TRUE,,,,,,,0,0,0,,,11,,,0,2103455,2103455,0,0,,,FALSE,FALSE,,,295
2103570,"POLOWIJO GOSARI, PT","DESA SEKAPUK KM.32 SEKAPUK, UJUNG PANGKAH, KAB. GRESIK, JAWA",0,Company,RIKI NOVA SURYATMAJA,TRUE,,,,,,,0,0,0,,,11,,,0,2103570,2103570,0,0,,,FALSE,FALSE,,,296
CUS25050004,PT. SEMEN BANGUN ANDALAS,"TALAVERA SUITE 15 FLOOR, TALAVERA OFFICE PARK, JALAN LETJEN TB SIMATUPANG, KAV. 22-26, CILANDAK BARA",0651-7550001,Semen Indonesia Group,ADIB SUAIB,TRUE,,,,,,,0,0,0,,010006609052000,11,,,0,2135747,2135747,0,0,,,FALSE,FALSE,,,616
2103579,"ASINDO KARSA JAYA, PT",RAYA DUSUN TRUNAJAYA KREBET SENGGRENG BULULAWANG,0,Company,RIKI NOVA SURYATMAJA,TRUE,,,,,,,0,0,0,,,11,,,0,2103579,2103579,0,0,,,FALSE,FALSE,,,299
CUS25040002,PT. LONTAR PAPYRUS PULP & PAPER INDUSTRY,"JL. IR JUANDA NO. 14, SIMPANG 3, SIPIN, KOTA BARU, KOTA JAMBI",085263867999,Company,RIKI NOVA SURYATMAJA,TRUE,,ANDRE MARTIN,,,,,0,0,0,,01.115.965.4-092.000,11,,,0,2130631,2130631,0,0,,,FALSE,FALSE,,,612
2103593,MAKMUR JAYA BERKAT BERSAM,"MARGOMULYO JAYA B NO.07, MANUKAN WETAN,TANDES, SURABAYA",0,Company,RIKI NOVA SURYATMAJA,TRUE,,,,,,,0,0,0,,,11,,,0,2103593,2103593,0,0,,,FALSE,FALSE,,,302
CUS24120009,"VARIA USAHA BETON, PT",KOMPLEK THE ROYAL BUSINESS PARK JL H.ANWAR HAMZAH BLOK F2-F3 TAMBAKOSO WARU SIDOAJO,,Semen Indonesia Group,,TRUE,,081252219188,,,,,0,0,0,,01.440.236.6-641.000,11,,marketing@variabeton.com,0,2121538,2121538,0,0,,,FALSE,FALSE,,,572
2103599,MULTI SARANA SUKSES PERKA,RUKO GRAND MAHAKAM RESIDENTJL SIRADJ SALMAN BLOK B NO 7,0,Company,RIKI NOVA SURYATMAJA,TRUE,,,,,,,0,0,0,,,11,,,0,2103599,2103599,0,0,,,FALSE,FALSE,,,304
2103611,"BUMI GRESIK, CV",JL RA KARTINI NO. 25 AB TLOGOPATUT,0,Company,RIKI NOVA SURYATMAJA,TRUE,,,,,,,0,0,0,,,11,,,0,2103611,2103611,0,0,,,FALSE,FALSE,,,307
2125276,PT PUTRA PRIMA SENTOSA,JL. RAYA PANDANLANDUNG 44 PANDAN LANDUNG WAGIR,081233470092,Company,RIKI NOVA SURYATMAJA,TRUE,,,,,,,0,0,0,,,11,,,"450,000,000",2125276,2125276,"310,665,096","139,334,904",23.11.2025,,FALSE,FALSE,,,385
2103751,"MITRA KIARA INDONESIA, PT",GEDUNG ARTHA GRAHA LT 20 JL. JENDERALSUDIRMAN KAV 52-53 SENA,085717050604,Company,BRAHIM,TRUE,,-,,,,,0,0,0,,-,11,-,mitra.kiara2019@gmail.com,"1,072,000,000",2103751,2103751,"1,070,300,407","1,699,593",05.12.2025,,FALSE,FALSE,,,332
CUS25090002,,,,,,FALSE,,,,,,,0,0,0,,,,,,0,,,0,0,,,FALSE,FALSE,,,639
2103642,"DAYASA ARIA PRIMA, PT",JL ABDUL MUIS NO. 30 PETOJO SELATAN GAMBIR JAKARTA PUSAT,0,Company,RIKI NOVA SURYATMAJA,TRUE,,BAPAK HAPPY,,,,,0,0,0,,,11,,,"4,000,000,000",2103642,2103642,"1,992,264,523","2,007,735,477",24.11.2025,,FALSE,FALSE,,,316
CUS24100002,PT. DELTAMAS PRIMA SENTOSA,"JL. RAYA SUMBER PASIR NO. 166, KEL. SUMBERPASIR, KEC. PAKIS, KAB. MALANG JAWA TIMUR 65154",0341-3053888,Company,PUTRA BAGUS FERMANSYAH,TRUE,,DANIEL ADISEPUTRO,,,,,0,0,0,,0833600752657000,11,,,0,2100720,2100720,0,0,,,FALSE,FALSE,,,546
2103622,"KRAKATAU SEMEN INDONESIA,",GRAHA SUCOFINDO LT.3JL. JEND A. YANI NO.106,081287632712,Company,RIKI NOVA SURYATMAJA,TRUE,,,,,,,0,0,0,,,11,,dicky.hartanto@sig.id,0,2103622,2103622,0,0,,,FALSE,FALSE,,,311
2103627,"SEKAWAN NIAGA JAYA, PT",JL. RAYA TERBOYO NO.03 RT.01 RW.01TERBOYO,08112913477,Company,RIKI NOVA SURYATMAJA,TRUE,,,,,,,0,0,0,,,11,,,0,2103627,2103627,0,0,,,FALSE,FALSE,,,312
2103630,KERJA SAMA OPERASI SEMEN,"GEDUNG UTAMA SEMEN INDONESIA JL. VETERAN, SIDOMORO, KAB. GRE",0,Company,ADIB SUAIB,TRUE,,,,,,,0,0,0,,,11,,,0,2103630,2103630,0,0,,,FALSE,FALSE,,,313
2101065,PETROKOPINDO CIPTA SELARA,JALAN RAYA ROOMO NO. 242,0,Company,RIKI NOVA SURYATMAJA,TRUE,,,,,,,0,0,0,,014399877641000,11,,,0,2101065,2101065,0,0,,,FALSE,FALSE,,,276
2103640,"PUPUK INDONESIA LOGISTIK,",GEDUNG PUSRI 101 LT.2&3JL. LETJEN S. PARMAN KAV. 101,02122631881,Company,RIKI NOVA SURYATMAJA,TRUE,,,,,,,0,0,0,,,11,,,0,2103640,2103640,0,0,,,FALSE,FALSE,,,315
CUS24120002,PT. SUPERIOR PORCELAIN SUKSES,"JL. RAYA KUPANG BARU NO.27, SURABAYA",0317323700,Company,RIKI NOVA SURYATMAJA,TRUE,,HENRIANTO,,,,,0,0,0,,60.829.305.6-618.000,11,,sherly.sps23@gmail.com,0,2134076,2134076,0,0,,,FALSE,FALSE,,,565
2103651,TIBEKA LOGISTIK INDONESIA,GEDUNG GRAND ITC PERMATA HIJAUBLOK EMERALD NO. 32,0,Company,RIKI NOVA SURYATMAJA,TRUE,,,,,,,0,0,0,,,11,,,0,2103651,2103651,0,0,,,FALSE,FALSE,,,318
2103665,"POSH TEKNO INDONESIA, PT",MUARA KARANG ELOK IX P.5 UTARANO 4 RT 008 RW 017,0,Company,RIKI NOVA SURYATMAJA,TRUE,,,,,,,0,0,0,,,11,,,0,2103665,2103665,0,0,,,FALSE,FALSE,,,319
2103669,"TIMURAYA TUNGGAL, PT","JL. HALIM PERDANA KUSUM NO.5 RT.003 RW.003 KEBON BESAR, BATU",0,Company,RIKI NOVA SURYATMAJA,TRUE,,,,,,,0,0,0,,,11,,,0,2103669,2103669,0,0,,,FALSE,FALSE,,,320
2103693,"SABA PRIMA UTAMA, PT",JL. URIP SUMOHARJO 144/13B RT.01 RW.04 MERTASINGA CILACAP UT,0,Company,RIKI NOVA SURYATMAJA,TRUE,,,,,,,0,0,0,,,11,,,0,2103693,2103693,0,0,,,FALSE,FALSE,,,321
2103707,"BINTANG BANDUNG SEJATI, P","JL. JEND.SUDIRMAN NO.219 CIBADAK, ASTANAANYAR",0,Company,RIKI NOVA SURYATMAJA,TRUE,,,,,,,0,0,0,,,11,,bbstanamas@gmail.com,0,2103707,2103707,0,0,,,FALSE,FALSE,,,322
2103709,TIARA FAJAR TRANSPORTINDO,IR. H. JUANDA KOMPLEK RUKAN TFT F NO.18RT.001 RW.004 KEL. LI,0,Company,RIKI NOVA SURYATMAJA,TRUE,,,,,,,0,0,0,,,11,,,0,2103709,2103709,0,0,,,FALSE,FALSE,,,323
2105073,PT INDUSTRI KEMASAN SEMEN GRESIK,DESA SOCOREJO JENU TUBAN SOCOREJO JENU,08125927122,Company,BRAHIM,TRUE,,,,,,,0,0,0,,,11,,,"802,000,000",2105073,2105073,"757,209,200","44,790,800",02.12.2025,,FALSE,FALSE,,,345
2129769,"DAYA GUNA, UD",JL. WAHID HASYIM NO 81 RT 02 RW 02,08123237371,Company,ARLI TRI WIGUNA,TRUE,,,,,,,0,0,0,,,11,,dinolukopi@yahoo.com,"182,000,000",2129769,2129769,"7,804,950","174,195,050",22.11.2025,,FALSE,FALSE,,,455
2128622,PT. BHUMI JATI POWER,"GEDUNG SUMMITMAS 1 LT. 15 JL. JENDRAL SUDIRMAN KAV. 61-62,",0212522281,Company,RUDIANTO,TRUE,,,,,,,0,0,0,,,11,,all-bjp@pt-bjp.co.id,"300,000,000",2128622,2128622,0,0,,,FALSE,FALSE,,,445
2100184,"TRIPILAR BETONMAS, PT","JL. RAYA SALATIGA-SOLO KM 6 RT.001 RW.004,",0,Company,PUTRA BAGUS FERMANSYAH,TRUE,,IBU ENDANGow,,,,,0,0,0,,017041377511000,11,,,"2,650,000,000",2100184,2100184,"2,647,069,359","2,930,641",25.11.2025,,FALSE,FALSE,,,260
CUS24060008,PT. MATAHARI PUTRA MAKMUR,"JL. RAYA GEMPOL-BANGIL, DESA CANGKRINGMALANG, KECAMATAN BEJI",087855329007,Company,PUTRA BAGUS FERMANSYAH,TRUE,,MONIKA SALIM,,,,,0,0,0,,02.384.838.5-651.000,11,,info@trilliun.com,"220,000,000",2132583,2132583,"90,015,828","129,984,172",23.11.2025,,FALSE,FALSE,,,519
CUS24040003,PT. KINO INDONESIA TBK,"KINO TOWER LT. 17, JL. JALUR SUTERA BOULEVARD NOMER 1, ALAM SUTERA, KOTA TANGERANG, BANTEN 15143",02180821100,Company,SEFTI MARDIANTI,TRUE,,RIZKY VANDI JUNANDA,,,,,0,0,0,,018532077441000,11,,Legal.KI@kino.co.id,"873,000,000",2132080,2132080,"865,145,180","7,854,820",23.11.2025,,FALSE,FALSE,,,498
CUS25040001,PT. SURABAYA MEKABOX,"JL. RAYA BAMBE KM. 18, KEL. BAMBE, KEC. DRIYOREJO, KAB. GRESIK, JAWA TIMUR 61177",-,Company,PUTRA BAGUS FERMANSYAH,TRUE,,FELICIA ANGELINA,,,,,0,0,0,,01.122.483.9-641.000,11,S-36PKP/WPJ.24/KP.0803/2017,-,"160,000,000",2135772,2135772,"62,462,914","97,537,086",26.10.2025,,FALSE,FALSE,,,611
CUS24010007,PT. SINAR INDAH KERTAS,"Tlogo, Gondoharum, Kec. Jekulo, Kabupaten Kudus, Jawa Tengah 59382",Pak Bowo (0823-3843-4300),Company,ANDY ZUNAN HILMI,TRUE,,Pak Bowo (0823-3843-4300),,,,,0,0,0,,018359638511000,11,-,,"890,000,000",2131196,,"619,878,863","270,121,137",22.11.2025,,FALSE,FALSE,,,479
2122855,"BALTON KURNIA ABADI, PT",JL. KOL. SUGIONO RUKO PEMUDA BLOK A-3 KEL. PANDANSARI KEC.,085640388882,Company,PUTRA BAGUS FERMANSYAH,TRUE,,BAPAK SIGIT,,,,,0,0,0,,,11,,,"100,000,000",2122855,2122855,"43,816,986","56,183,014",17.02.2026,,FALSE,FALSE,,,356
2103711,"BUMI PEMBANGUNAN PERTIWI,","DS. JOGOBAYAN RT.008 RW.001 TIRON, MADIUN, KAB. MADIUN, JAWA",0,Company,RIKI NOVA SURYATMAJA,TRUE,,,,,,,0,0,0,,,11,,,0,2103711,2103711,0,0,,,FALSE,FALSE,,,324
2103722,"ENERGI SUKSES ABADI, PT",JL WIDURI NO.341 RT.003 RW.017 DONAN CILACAP TENGAH CILACAP,0,Company,RIKI NOVA SURYATMAJA,TRUE,,,,,,,0,0,0,,,11,,,0,2103722,2103722,0,0,,,FALSE,FALSE,,,325
CUS25020008,PT JOTRA ECO ENERGI,JL. KAMBOJA NO.08 DSN SUMBERJALIN KEL SUMBERAME KEC WRINGINANOM KAB. GRESIK,082140440005,Company,IRWAN ADI SAPUTRO,TRUE,,BHIMA ARIES DIYANTO,,,,,0,0,0,,138830054642000,11,,Jjotraecoenergi@gmail.com,"50,000,000",2135430,2135430,"32,650,000","17,350,000",29.11.2025,,FALSE,FALSE,,,592
2103723,"BIRAWA DOMESTIC LOGISTIC,","JL GOMBEL LAMA NO 76A RT 005 RW 005 TINJOMOYO, BANYUMANIK, S",0,Company,RIKI NOVA SURYATMAJA,TRUE,,,,,,,0,0,0,,,11,,,0,2103723,2103723,0,0,,,FALSE,FALSE,,,326
2103725,"PANCASONA DAYASAKTI, PT",CITI HUB - HARTON TOWER LEVEL 3 JL. SENTRA BISNIS ARTHA GADI,0,Company,RIKI NOVA SURYATMAJA,TRUE,,,,,,,0,0,0,,,11,,,0,2103725,2103725,0,0,,,FALSE,FALSE,,,327
2103736,"CAKRAWALA MEGA INDAH, PT",GEDUNG SINAR MAS LAND PLAZA MENARA 2 LT.16,0213929266,Company,RIKI NOVA SURYATMAJA,TRUE,,,,,,,0,0,0,,,11,,,0,2103736,2103736,0,0,,,FALSE,FALSE,,,328
2103743,"PANCA BUDI PRATAMA, PT",KAWASAN PUSAT NIAGA TERPADU JL DAAN MOGOT RAYA KM 19.6 BLOK,02154365555,Company,RIKI NOVA SURYATMAJA,TRUE,,,,,,,0,0,0,,,11,,,0,2103743,2103743,0,0,,,FALSE,FALSE,,,329
2103746,SINERGI MITRA OPERASI REM,DESA KAJAR KEC GUNEM REMBANG,0,Company,RIKI NOVA SURYATMAJA,TRUE,,,,,,,0,0,0,,,11,,,0,2103746,2103746,0,0,,,FALSE,FALSE,,,330
CUS24060004,PT. BALTARA MULTI NUGRAHA,"JL. JATISARI 3 NO.1, RT.001 RW.006 PEPELEGI, WARU KABUPATEN SIDOARJO",,Company,PUTRA BAGUS FERMANSYAH,TRUE,,TOMMY ARIF NUGROHO,,,,,0,0,0,,40.036.759.5-643.000,11,,,0,2130824,2130824,0,0,,,FALSE,FALSE,,,515
2103757,"WIRAJAYA MEGA SANTOSA, PT",JL. KH. HASYIM ASHARI NO. 29 RT.007 RW.OO2 KEL. PINANG,082114200490,Company,RIKI NOVA SURYATMAJA,TRUE,,,,,,,0,0,0,,,11,,wirajaya223@gmail.com,0,2103757,2103757,0,0,,,FALSE,FALSE,,,333
2103761,"RAYA MANYAR PERSADA, PT",JL. SULAWESI I NO. 05 GRESIK KOTA BARURT. 003 RW. 009 YOSOWI,0,Company,RIKI NOVA SURYATMAJA,TRUE,,,,,,,0,0,0,,,11,,,0,2103761,2103761,0,0,,,FALSE,FALSE,,,335
2103764,SUMBERKENCANA EXPRESSINDO,JALAN AM. SANGAJI NO. 12 LT 1 RT. 002 RW005 PETOJO UTARA GAM,0,Company,RIKI NOVA SURYATMAJA,TRUE,,,,,,,0,0,0,,,11,,,0,2103764,2103764,0,0,,,FALSE,FALSE,,,336
2103982,PT NUSANTARA BUILDING IND,"JALAN RAYA SEMARANG DEMAK KM 17, WONOKERTO, KARANGTENGAH,",081344626327,Company,PUTRA BAGUS FERMANSYAH,TRUE,,PAK WANTO,,,,,0,0,0,,,11,,,"1,300,000,000",2103982,2103982,"879,436,724","420,563,276",13.12.2025,,FALSE,FALSE,,,340
2100756,"KRAKATAU JASA LOGISTIK, PT",GEDUNG 1 AREA PERKANTORAN PT.KRAKATAU ENGINEERING,0,Company,SEFTI MARDIANTI,TRUE,,,,,,,0,0,0,,866593973417000,11,,,"3,170,000,000",2100756,2100756,"2,661,300,350","508,699,650",21.11.2025,,FALSE,FALSE,,,275
CUS24120006,"RECIRAYA SEMESTA ENERGI, PT",JL. PRAPANCA II NO.19 KEL. PULO KEC. KEBAYORAN BARU JAKARTA SELATAN,087891124466,Company,ADIB SUAIB,TRUE,,GLORY HARIMAS SIHOMBING,,,,,0,0,0,,99.158.253.7-019.000,11,,recirayasemestaenergi@gmail.com,"35,000,000",2134548,2134548,"10,700,000","24,300,000",04.05.2025,,FALSE,FALSE,,,569
2100060,KOPERASI KONSUMEN WARGA SEMEN GRESIK,JL.TAUCHID KOMPLEK PT.SEMEN GRESIK TUBANAN SIDOMORO KEBOMAS,0313983262,Company,PUTRA BAGUS FERMANSYAH,TRUE,,,,,,,0,0,0,,011473600641000,11,,,"400,000,000",2100060,2100060,"254,701,284","145,298,716",20.11.2025,,FALSE,FALSE,,,256
2101402,PABRIK KERTAS TJIWI KIMIA,GEDUNG SINAR MAS LAND PLAZA MENARA 2 LT.9 JL. MH. THAMRIN NO,02129650800,Company,PUTRA BAGUS FERMANSYAH,TRUE,,BAPAK HAPPY,,,,,0,0,0,,011094216092000,11,,,"6,000,000,000",2101402,2101402,"2,690,802,861","3,309,197,139",28.11.2025,,FALSE,FALSE,,,280
CUS24090002,MUKHAMAD SUBAKRI,"DUSUN JOMBLANG RT.002 RW.001, KEL. ASMOROBANGUN, KEC. PUNCU, KAB. KEDIRI",,Retail,PUTRA BAGUS FERMANSYAH,TRUE,,MUKHAMAD SUBAKRI,,,,,0,0,0,,82.478.169.4-655.000,11,,,"28,100,000",2133563,2133563,"27,400,000","700,000",08.06.2025,,FALSE,FALSE,,,541
CUS24090004,MOCH. ROSIDI,"PERUM KUBU BALI BR. LAING, KEL. PANDAK BANDUNG, KEC. KEDIRI, KAB. TABANAN, BALI",,Retail,PUTRA BAGUS FERMANSYAH,TRUE,,MOCH. ROSIDI,,,,,0,0,0,,,11,,,"130,000,000",2133853,2133853,"121,224,400","8,775,600",17.04.2025,,FALSE,FALSE,,,543
2123406,INDOSTAR BUILDING MATERIAL,"JL. ROGONOTO TIMUR, DSN. GONDOREJO RT.02 RW.04, TAMANHARJO",081359802391,Company,PUTRA BAGUS FERMANSYAH,TRUE,,IBU HERLINA,,,,,0,0,0,,,11,,,"230,000,000",2123406,2123406,"51,104,488","178,895,512",20.11.2025,,FALSE,FALSE,,,357
2124377,GUNADI EKO PRASETYO,JALAN TAMAN YASMIN NO. 02 RT 000 RW 000 KEC. PURWARKARTA,0,Company,ANDY ZUNAN HILMI,TRUE,,BP. GUNADI,,,,,0,0,0,,,11,,,"33,000,000",2124377,2124377,"30,400,000","2,600,000",12.04.2025,,FALSE,FALSE,,,366
2103600,"YCH INDONESIA, PT","JL. RAYA KALIMALANG KM.2 RT.1002 RW.007SUKADANAU, CIKARANG B",0218830828,Company,SEFTI MARDIANTI,TRUE,,BP. FAZRI,,,,,0,0,0,,,11,,,"800,000,000",2103600,2103600,"717,715,383","82,284,617",02.10.2025,,FALSE,FALSE,,,305
2103825,"SANMAS DWIKA ABADI (IDR),","PERTOKOAN JATI KEPUH INDAH BLOK G NO. 62-63, JL. MOJOPAHIT,",0,Company,RIKI NOVA SURYATMAJA,TRUE,,,,,,,0,0,0,,,11,,,0,2103825,2103825,0,0,,,FALSE,FALSE,,,337
2103975,JANTI SARANA MATERIAL BET,JL:RAYA KUPANG INDAH NO.35,0,Company,RIKI NOVA SURYATMAJA,TRUE,,,,,,,0,0,0,,,11,,,0,2103975,2103975,0,0,,,FALSE,FALSE,,,339
CUS24060005,PT. BANGUN MITRA MAKMUR,"JL. IKAN KAKAP NO. 27, DS. PESAWAHAN, KEC. TELUKBETUNG SELATAN, BANDAR LAMPUNG",,Company,PUTRA BAGUS FERMANSYAH,TRUE,,DENNY KARUNDENG,,,,,0,0,0,,02.812.479.0-324.000,11,,felany@e-intidata.com,0,2132233,2132233,0,0,,,FALSE,FALSE,,,516
CUS24060006,PT. DUA ENAM LOGISTIK,"JL. MAMPANG PRAPATAN RAYA 73A, KEL. TEGAL PARANG, KEC. MAMPANG PRAPATAN",081282205624,Company,SEFTI MARDIANTI,TRUE,,"PURNAMA KAMAL, SH",,,,,0,0,0,,53.462.745.0-014.000,11,,duaenamlogistik@gmail.com,0,2132285,2132285,0,0,,,FALSE,FALSE,,,517
2124873,"SATRIA TRIDAYA UTAMA, PT","JALAN DIPONEGORO NOMOR 279 RT 06 RW 05 SINDANGSARI, MAJENANG",081329024079,Company,RIKI NOVA SURYATMAJA,TRUE,,,,,,,0,0,0,,,11,,,"10,000,000",2124873,2124873,"2,750,000","7,250,000",26.10.2024,,FALSE,FALSE,,,376
2103989,"WADAH SUCI, PT",JL T HAMZAH BENDAHARA 08 KOTA BIREUEN KOTA JUANG,0644323722,Company,RIKI NOVA SURYATMAJA,TRUE,,,,,,,0,0,0,,,11,,,0,2103989,2103989,0,0,,,FALSE,FALSE,,,343
CUS25080008,PELANGGAN TUNAI,-,,,,FALSE,,-,,,,,0,0,0,,,11,,,0,2500005,2500005,0,0,,,FALSE,FALSE,,,635
2124994,"ARKAMAYA LAMINASINDO, PT","KOMPLEK PERGUDANGAN BISPARK, TAMBAKSAWAH,WARU",085785890999,Company,PUTRA BAGUS FERMANSYAH,TRUE,,PAK YANTO,,,,,0,0,0,,,11,,,0,2124994,2124994,0,0,,,FALSE,FALSE,,,378
2116660,"MEGA MORTAR INDONESIA, PT","JL SERUNI NO.33. KEL. KETABANG, KEC. GENTENG",0895401005417,Company,RIKI NOVA SURYATMAJA,TRUE,,,,,,,0,0,0,,,11,,mega.mortarindo@gmail.com,0,2116660,2116660,0,0,,,FALSE,FALSE,,,347
2118166,"BUMI GRESIK SUKSES, PT","JL. R.A KARTINI 25 AB, KEL. TLOGO PATUT",085227683630,Company,RIKI NOVA SURYATMAJA,TRUE,,,,,,,0,0,0,,,11,,,0,2118166,2118166,0,0,,,FALSE,FALSE,,,348
CUS24080006,CV. BANDUNG SURYA MAKMUR,"JL. AHMAD YANI NO. 19, KEL. CIAMIS, KEC. CIAMIS, KAB. CIAMIS",0265771483,Company,PUTRA BAGUS FERMANSYAH,TRUE,,H. AGUS NURKAM,,,,,0,0,0,,31.640.121.5-444.000,11,,,"1,330,000,000",2133432,2133432,"1,297,675,000","32,325,000",27.11.2025,,FALSE,FALSE,,,537
CUS25050003,PT. PETROKIMIA GRESIK,"JL. GUBERNUR SURYO NO. 194, RW. RT.03, TLOGOPOJOK, KEC. GRESIK, KAB. GRESIK, JAWA TIMUR",,Company,,TRUE,,,,,,,0,0,0,,,11,,,"200,000,000",2100010,2100010,"104,400,000","95,600,000",19.11.2025,,FALSE,FALSE,,,615
CUS25030007,PT. PANDU ARMADA SEJAHTERA,"G-WALK W.2 / 1B, CITRALAND, KEC. LAKARSANTRI",081332349225,Company,PUTRA BAGUS FERMANSYAH,TRUE,,HIZBUL WATHON AFANDY,,,,,0,0,0,,31.640.443.3-604.000,11,,central@pandumining.com,"254,000,000",2135535,2135535,"201,725,253","52,274,747",25.11.2025,,FALSE,FALSE,,,604
2100017,ETEX BUILDING PERFORMANCE,"JL. INDRO NO 1, GRESIK 61124, INDONESIA",0313981091,Company,PUTRA BAGUS FERMANSYAH,TRUE,,WISNU YUSUF,,,,,0,0,0,,010005874052000,11,,,"920,000,000",2100017,2100017,"517,286,778","402,713,222",23.11.2025,,FALSE,FALSE,,,251
2100338,"SHICA JAYA SENTOSA, PT",DUSUN NGRANGIN RT.01 RW.02 SUMBER PASIR,0811365300,Company,PUTRA BAGUS FERMANSYAH,TRUE,,IBU IKA,,,,,0,0,0,,024986481651000,11,,,"660,000,000",2100338,2100338,"428,199,830","231,800,170",20.11.2025,,FALSE,FALSE,,,265
2121448,"BIMA SEPAJA ABADI, PT",KOMPLEK PERKANTORAN ENGGANO MEGAH BLOK A/5Q JL. ENGGANO RAYA,081387398008,Company,RIKI NOVA SURYATMAJA,TRUE,,,,,,,0,0,0,,,11,,,0,2121448,2121448,0,0,,,FALSE,FALSE,,,349
2122533,PT. PUTRA WIJAYAKUSUMA SA,"JL. TUGU INDUSTRI 1 NO. 12, RANDUGARUT, TUGU, SEMARANG",08122711575,Company,RIKI NOVA SURYATMAJA,TRUE,,,,,,,0,0,0,,,11,,,0,2122533,2122533,0,0,,,FALSE,FALSE,,,351
2122735,"SUMBER DELTA MAKMUR, PT",JL. RAYA DELTAMAS NO. 89 KP. TEMBONG GUNUNG,0,Company,RIKI NOVA SURYATMAJA,TRUE,,,,,,,0,0,0,,,11,,,0,2122735,2122735,0,0,,,FALSE,FALSE,,,352
2122797,GLOBAL INDONESIA ASIA SEJ,SPRINGHILL OFFICE TOWER LT.5 UNIT G JL BENYAMIN SUEB RUAS D7,081386795703,Company,RIKI NOVA SURYATMAJA,TRUE,,,,,,,0,0,0,,,11,,,0,2122797,2122797,0,0,,,FALSE,FALSE,,,353
2122801,BUMI PEMBANGUNAN PERTIWI,"JL. RAYA NGLAMES KM 5, TIRON",0,Company,RIKI NOVA SURYATMAJA,TRUE,,,,,,,0,0,0,,,11,,,0,2122801,2122801,0,0,,,FALSE,FALSE,,,354
2122849,LINTAS BANGUN PERSADA JAY,JL. SEMUT BARU PENGAMPON SQUARE BLOK H15,0,Company,RIKI NOVA SURYATMAJA,TRUE,,,,,,,0,0,0,,,11,,,0,2122849,2122849,0,0,,,FALSE,FALSE,,,355
CUS24090001,PT. SEMBADA INDORAYA SENTOSA,"JL. KENJERAN NO. 420, KEL. GADING. KEC. TAMBAKSARI, SURABAYA",03151500294,Company,PUTRA BAGUS FERMANSYAH,TRUE,,JOKO SUWONO LIEM,,,,,0,0,0,,83.086.240.5-619.000,11,,sembadaindorayasentosa@gmail.com,"20,000,000",2127340,2127340,0,0,,,FALSE,FALSE,,,540
2123831,"JAYA PUTRA INDAH GRESIK,","JL. KALIMANTAN NO. 137 KEL. YOSOWILANGUN, KEC. MANYAR",081252674985,Company,RIKI NOVA SURYATMAJA,TRUE,,,,,,,0,0,0,,,11,,,0,2123831,2123831,0,0,,,FALSE,FALSE,,,358
2123853,"HASIL BETON INDONESIA, PT","JL. RAYA PASARKEMIS RAJEG NO.88, SINDANGSARI, KONGSIBARU",082311563270,Company,RIKI NOVA SURYATMAJA,TRUE,,,,,,,0,0,0,,,11,,,0,2123853,2123853,0,0,,,FALSE,FALSE,,,359
2123894,PT MULTIMAS NABATI ASAHAN,"GEDUNG B & G TOWER LANTAI 9, JALAN PUTRI HIJAU NO.10 KESAWAN",081361271336,Company,RIKI NOVA SURYATMAJA,TRUE,,,,,,,0,0,0,,,11,,fajar.salim@id.wilmar-intl.com,0,2123894,2123894,0,0,,,FALSE,FALSE,,,360
2123902,"HAKA, CV",DUSUN DORO RT011 RW004 NGEPUNG KEDAMEAN,087888892999,Company,ANDY ZUNAN HILMI,TRUE,,BP. H. ROKHIM,,,,,0,0,0,,,11,,,0,2123902,2123902,0,0,,,FALSE,FALSE,,,361
2123904,PT. MULTI NABATI SULAWESI,"JL. MW. MARAMIS LINGK. V, PACEDA MADIDIR",081370602015,Company,RIKI NOVA SURYATMAJA,TRUE,,,,,,,0,0,0,,,11,,eka.saputra@id.wilmar-intl.com,0,2123904,2123904,0,0,,,FALSE,FALSE,,,362
2124020,SARANA LOGISTIK INDONESIA,JL WR. SUPRATMAN NO.2 RT.001 RW.011 DR SOETOMO TEGALSARI,08123158686,Company,RIKI NOVA SURYATMAJA,TRUE,,,,,,,0,0,0,,,11,,,0,2124020,2124020,0,0,,,FALSE,FALSE,,,363
2124060,SIDOHARJO,JL. SIDOHARJO NO. 2 CEBONGAN,085656393679,Company,RIKI NOVA SURYATMAJA,TRUE,,,,,,,0,0,0,,,11,,,0,2124060,2124060,0,0,,,FALSE,FALSE,,,364
2124374,CV BHAMAKERTI PURWOKERTO,"PONDOK KENCANA IV NO.48 RT08, RW03, DESA KARANGKLESEM",082138786444,Company,PUTRA BAGUS FERMANSYAH,TRUE,,BU HERSI,,,,,0,0,0,,,11,,hersitrining41@gmail.com,0,2124374,2124374,0,0,,,FALSE,FALSE,,,365
2127360,"MANDIRI BANGKIT JAYA, PT","TAMAN KENARI JAGORAWI BLOK IA NO. 38, KEL. PUSPASARI, KEC. CITEUREUP, KAB. BOGOR",081288869373,Company,SEFTI MARDIANTI,TRUE,,ERIK HAERUDIN,,,,,0,0,0,,02.519.225.3-431.000,11,,mandiribangkit jaya@gmail.com,0,2127360,2127360,0,0,,,FALSE,FALSE,,,417
2124433,ARWIGA BHAKTI PROPERTINDO,KOMPLEK RUKO DSN GANDOANG 3 NO.3A PANGULAH SELATAN KOTABARU,082134423338,Company,RIKI NOVA SURYATMAJA,TRUE,,,,,,,0,0,0,,,11,,,0,2124433,2124433,0,0,,,FALSE,FALSE,,,367
2124476,"SMELTING, PT",GD. CAPITAL PLACE OFFICE TOWER LT.3 UNIT C JL. JEND GATOT S,02127939997,Company,RIKI NOVA SURYATMAJA,TRUE,,,,,,,0,0,0,,,11,,donny@ptsmelting.com,0,2124476,2124476,0,0,,,FALSE,FALSE,,,368
2124507,"REPUBLIC EXPRESS, PT",JALAN CIPUTAT RAYA NO 99 PONDOK PINANG KEBAYORAN LAMA,02175901800,Company,RIKI NOVA SURYATMAJA,TRUE,,,,,,,0,0,0,,,11,,sbu_rex@rpxholding.com,0,2124507,2124507,0,0,,,FALSE,FALSE,,,369
2300001,SEMEN INDONESIA DISTRIBUTOR,"JL. DR. WAHIDIN SUDIROHUSODO NO.728-A, RT.03 RW.04 DAHANREJO",0,Semen Indonesia Group,ADIB SUAIB,TRUE,,,,,,,0,0,0,,,11,,,"50,000,000,000",2300001,2300001,"28,421,119,012","21,578,880,988",24.11.2025,,FALSE,FALSE,,,470
2103571,PAPYRUS SAKTI,"JL. RAYA BANJARAN KM. 16.2 BANJARAN, ARJASARI, KAB. BANDUNG,",0225940140,Company,SEFTI MARDIANTI,TRUE,,IBU DEDE,,,,,0,0,0,,,11,,,"2,000,000,000",2103571,2103571,"1,610,591,298","389,408,702",21.11.2025,,FALSE,FALSE,,,297
2124569,PT. SUN POWER CERAMICS,"JL. NGORO INDUSTRI PERSADA BLOK R - 2A, RT 0, RW 0, LOLAWANG",0,Company,RIKI NOVA SURYATMAJA,TRUE,,,,,,,0,0,0,,,11,,spc.annepatty@gmail.com,0,2124569,2124569,0,0,,,FALSE,FALSE,,,370
2124628,PT BENTANG SELO PARANG,MELATI NO.2 RT 002 RW 003 NOLOGATEN PONOROGO,081252161290,Company,RUDIANTO,TRUE,,,,,,,0,0,0,,,11,,,0,2124628,2124628,0,0,,,FALSE,FALSE,,,371
2124692,"ALAM JAYA EMAS, CV",JL. DR. WAHIDIN SUDIROHUSODO KEL. DAHANREJO KEC. KEBOMAS,081615511002,Company,RIKI NOVA SURYATMAJA,TRUE,,,,,,,0,0,0,,,11,,,0,2124692,2124692,0,0,,,FALSE,FALSE,,,372
2124694,"BATU MASITA NUSANTARA, PT","JL. RAYA DUSUN TRUNAJAYA RT 19 RW 5 KREBET, BULULAWANG",0,Company,RIKI NOVA SURYATMAJA,TRUE,,,,,,,0,0,0,,,11,,,0,2124694,2124694,0,0,,,FALSE,FALSE,,,373
2124744,"INTI CAHYA GEMILANG, CV",SINDUJOYO 007 NO 009 RT.003 RW.001 KROMAN,081615511002,Company,RIKI NOVA SURYATMAJA,TRUE,,,,,,,0,0,0,,,11,,,0,2124744,2124744,0,0,,,FALSE,FALSE,,,374
2124794,SEMEN INDONESIA INTERNATI,"GEDUNG THE EAST LT 18, JL DR IDE ANAK AGUNG KAV.E.3.2",0,Company,RIKI NOVA SURYATMAJA,TRUE,,,,,,,0,0,0,,,11,,,0,2124794,2124794,0,0,,,FALSE,FALSE,,,375
2124955,TONY,DUSUN JANTI RT 01/RW 07 DESA PAKUKERTO KEC. SUKOREJO,081291754989,Company,RIKI NOVA SURYATMAJA,TRUE,,,,,,,0,0,0,,,11,,,0,2124955,2124955,0,0,,,FALSE,FALSE,,,377
2124998,CV JASA TRANSPORT,JL. P. SULAWESI II NO 24 ARENJAYA RT 03 RW 017 DUREN JAYA,081932967993,Company,ANDY ZUNAN HILMI,TRUE,,IBU VIKO,,,,,0,0,0,,,11,,viko.jts@yahoo.com,0,2124998,2124998,0,0,,,FALSE,FALSE,,,379
2125058,PT MANDIRI BANGUN BERKARY,JL. RAYA NAROGONG,0,Company,RIKI NOVA SURYATMAJA,TRUE,,,,,,,0,0,0,,,11,,,0,2125058,2125058,0,0,,,FALSE,FALSE,,,380
2125198,"SURYA REJEKI SEJAHTERA, C",JL. IKAN KERAPU SELATAN NO. 3 RT.04 RW.08 SIDOKUMPUL,081249607038,Company,RIKI NOVA SURYATMAJA,TRUE,,,,,,,0,0,0,,,11,,,0,2125198,2125198,0,0,,,FALSE,FALSE,,,381
2125221,BHIMASENA POWER INDONESIA,MENARA KARYA LT. 29 JL. HR. RASUNA SAID BLOK X-5 KAV. 1-2 RT,0,Company,RIKI NOVA SURYATMAJA,TRUE,,,,,,,0,0,0,,,11,,,0,2125221,2125221,0,0,,,FALSE,FALSE,,,382
2125222,SUWITO (JAKARTA BARAT),RAWABUAYA RT 008/ RW 002 RAWA BUAYA CENGKARENG,081315464691,Company,RIKI NOVA SURYATMAJA,TRUE,,,,,,,0,0,0,,,11,,,0,2125222,2125222,0,0,,,FALSE,FALSE,,,383
2125274,PT NUSA UNGGUL SARANA ADI,JL. MARGOMULYO INDAH II BLOK A/15 MANUKAN WETAN TANDES,085951616546,Company,RIKI NOVA SURYATMAJA,TRUE,,,,,,,0,0,0,,,11,,,0,2125274,2125274,0,0,,,FALSE,FALSE,,,384
CUS24080008,PT. WALET TRANS LOGISTIK,"MTH SQUARE GROUND FLOOR (GF) A4 A, JL. LETJEN MT HARYONO KAV. 10, KEL. BIDARA CINA, KEC. JATINEGARA",081214909023,Company,SEFTI MARDIANTI,TRUE,,YUSUP WAHYU ADAM,,,,,0,0,0,,07.351.809.4-002.000,11,,marketing@waletlogistik.com,"50,000,000",2133509,2133509,0,0,,,FALSE,FALSE,,,539
2125416,"ARIS SETYA KARYA NUGRAHA,",JL TRENGGILING NO 159 RT 01 RW 01 DS MERTASINGAN,081542811811,Company,RUDIANTO,TRUE,,,,,,,0,0,0,,,11,,,0,2125416,2125416,0,0,,,FALSE,FALSE,,,386
2125477,"TA RAHARJA, CV","JL MANISRENGGO, RT 23/ RW. 08, BENDAN, MANISRENGGO",081328864444,Company,RIKI NOVA SURYATMAJA,TRUE,,,,,,,0,0,0,,,11,,,0,2125477,2125477,0,0,,,FALSE,FALSE,,,387
2125505,SASTRAWAN WIJAYA,LINK CILURAH RT 006 RW 002 KEPUH,087882311908,Company,RIKI NOVA SURYATMAJA,TRUE,,,,,,,0,0,0,,,11,,,0,2125505,2125505,0,0,,,FALSE,FALSE,,,388
2125790,PT. PERUSAHAAN LISTRIK NE,"JL TRUNOJOYO M 1 MELAWAI KEBAYORAN BARU, JAKARTA SELATAN",0217251234,Company,RIKI NOVA SURYATMAJA,TRUE,,,,,,,0,0,0,,,11,,,0,2125790,2125790,0,0,,,FALSE,FALSE,,,389
2103597,PT. PINDO DELI PULP AND PAPER,GEDUNG SINAR MAS LAND PLAZA MENARA 2 LT 9 JL. MH THAMRIN,0,Company,ANDY ZUNAN HILMI,TRUE,,BP. DEDE ALIANDO,,,,,0,0,0,,,11,,,"8,700,000,000",2103597,2103597,"6,301,987,237","2,398,012,763",24.11.2025,,FALSE,FALSE,,,303
2126041,SINAR INDAHPERKASA,"JL. DUPAK 25-A, GUNDIH - BUBUTAN",081315977888,Company,RIKI NOVA SURYATMAJA,TRUE,,,,,,,0,0,0,,,11,,sinarindahperkasa@gmail.com,0,2126041,2126041,0,0,,,FALSE,FALSE,,,390
2126117,PT HAJUMAR FAMILI GROUP,JL INDUSTRI KM 80,0,Company,RIKI NOVA SURYATMAJA,TRUE,,,,,,,0,0,0,,,11,,,0,2126117,2126117,0,0,,,FALSE,FALSE,,,391
2128782,PT. ACI CITRA INDONESIA,JL TANJUNG DUREN UTARA IIIA NO. 347 KEC GROGOL PETAMBURAN,085691508537,Company,ANDY ZUNAN HILMI,TRUE,,BP. TIO,,,,,0,0,0,,,11,,marketing@acicitra.com,"120,000,000",2128782,2128782,"61,300,000","58,700,000",13.09.2025,,FALSE,FALSE,,,448
2126276,"MARGA DINAMIK PERKASA, PT",JL. PLUIT SELATAN BLOK S/8 RT 02 RW 008,0,Company,RIKI NOVA SURYATMAJA,TRUE,,,,,,,0,0,0,,,11,,,0,2126276,2126276,0,0,,,FALSE,FALSE,,,393
2126277,"KUSUMA DEWI PURWOKERTO, P",JL. RUSPARJO RUSTAM NO. 94 DESA SOKARAJA KULON,0,Company,RIKI NOVA SURYATMAJA,TRUE,,,,,,,0,0,0,,,11,,,0,2126277,2126277,0,0,,,FALSE,FALSE,,,394
2126285,MITRA SEJAHTERA ARTHALEST,JL. ACHMAD YANI NO 63 KANDANGGAMPANG,0,Company,RIKI NOVA SURYATMAJA,TRUE,,,,,,,0,0,0,,,11,,,0,2126285,2126285,0,0,,,FALSE,FALSE,,,395
2126302,"BAHANA PRESTASI, PT",HE BELLEZZA GAPURAPRIMA OFFICE,0,Company,RIKI NOVA SURYATMAJA,TRUE,,,,,,,0,0,0,,,11,,,0,2126302,2126302,0,0,,,FALSE,FALSE,,,396
2126925,CV BARU DUA,JL. PP IMAM TP BOBOTSARI NO. 03 RT.02 RW.04 BOBOTSARI,082223955901,Company,RIKI NOVA SURYATMAJA,TRUE,,,,,,,0,0,0,,,11,,,0,2126925,2126925,0,0,,,FALSE,FALSE,,,397
2103442,"ALAM JAYA MAKMUR, CV","JL. JENDERAL SUDIRMAN, KROYA KAB CILACAP",0,Company,ARLI TRI WIGUNA,TRUE,,,,,,,0,0,0,,,11,,,"30,000,000",2103442,2103442,0,0,,,FALSE,FALSE,,,293
2126974,GEMILANG SUKSES MANDIRI,JALAN KELAPA DUA WETAN RAYA NO 10 CIRACAS,02189455022,Company,RIKI NOVA SURYATMAJA,TRUE,,,,,,,0,0,0,,,11,,,0,2126974,2126974,0,0,,,FALSE,FALSE,,,400
2127117,DIMAS WAHID MS,JL.JEND S PARMAN V A BARU 24,081240006067,Company,RIKI NOVA SURYATMAJA,TRUE,,,,,,,0,0,0,,,11,,,0,2127117,2127117,0,0,,,FALSE,FALSE,,,401
CUS24100004,PT. GRESIK CIPTA SEJAHTERA,"JL. KIG RAYA SELATAN BLOK A-5, KEL. RANDUAGUNG, KEC. KEBOMAS, KAB. GRESIK, JAWA TIMUR",0313985543,Company,PUTRA BAGUS FERMANSYAH,TRUE,,AWANG DJOHAN BACHTIAR,,,,,0,0,0,,01.278.154-324.000,11,,angkutanpupuk@gmail.com,"900,000,000",2134231,2134231,"462,352,404","437,647,596",26.11.2025,,FALSE,FALSE,,,548
CUS25080001,PT. EKA JAYA PUTRA TRANSINDO,"KOMPLEK SINAR GEDANGAN BLOK B 20, KEL. GEMURUNG, KEC. GEDANGAN. KAB. SIDOARJO",0818331440,Company,RIKI NOVA SURYATMAJA,TRUE,,HENDRI GERRY SUSILO,,,,,0,0,0,,955507082643000,11,,pt.ekajayaputratransindo@gmail.com,"10,000,000",2136654,2136654,0,0,,,FALSE,FALSE,,,628
2127122,PT TRIKUSUMA JAYA PERKASA,JL. CAKUNG CILINCING RAYA,0,Company,RIKI NOVA SURYATMAJA,TRUE,,,,,,,0,0,0,,,11,,,0,2127122,2127122,0,0,,,FALSE,FALSE,,,402
2127735,PT. RIVAN TANJUNG SENTOSA,GEDUNG JAYA LANTAI 9 JL M.H. THAMRIN BLOK. A02 NO.12,0,Company,RUDIANTO,TRUE,,,,,,,0,0,0,,,11,,,"750,000,000",2127735,2127735,"741,047,826","8,952,174",31.08.2024,,FALSE,FALSE,,,428
2127125,OTO JAYA NIAGA TRANS,"JL. JENDRAL SUDIRMAN NO. 115 RT. 05 RW. 01, DESA SUCI,",081996868168,Company,RIKI NOVA SURYATMAJA,TRUE,,,,,,,0,0,0,,,11,,,0,2127125,2127125,0,0,,,FALSE,FALSE,,,404
2127126,PT MANGGALA KENCANA MUKTI,"CITI HUB - HARTON TOWER, LEVEL 3 JL. SENTRA BISNIS ARTHA",0,Company,RIKI NOVA SURYATMAJA,TRUE,,,,,,,0,0,0,,,11,,adm.manggala.kencana@gmail.com,0,2127126,2127126,0,0,,,FALSE,FALSE,,,405
2127127,LANCAR JAYA PERKASA,PANGLIMA SUDIRMAN NO. 255 PAJARAKAN KAB. PROBOLINGGO,0811323328,Company,RIKI NOVA SURYATMAJA,TRUE,,,,,,,0,0,0,,,11,,,0,2127127,2127127,0,0,,,FALSE,FALSE,,,406
2127128,PT ARGO KENCANA NUSANTARA,JL.SOEKARNO HATTA KM.11 MENGANTI RT.01 RW.02 KEC.KESUGIHAN,0,Company,RIKI NOVA SURYATMAJA,TRUE,,,,,,,0,0,0,,,11,,argokencananusantara@gmail.com,0,2127128,2127128,0,0,,,FALSE,FALSE,,,407
2127143,"LOKA JAYA SEJAHTERA, PT",JALAN SUNAN KALIJAGA NO. 55 TUBAN 62314 DS. LATSARI KEC. TUB,0,Company,RUDIANTO,TRUE,,,,,,,0,0,0,,,11,,,0,2127143,2127143,0,0,,,FALSE,FALSE,,,408
2127144,PT MULA BARU SEJAHTERA,JL. SUNAN GUNUNG JATI NO.128 KLAYAN GUNUNG JATI,087895880924,Company,RIKI NOVA SURYATMAJA,TRUE,,,,,,,0,0,0,,,11,,,0,2127144,2127144,0,0,,,FALSE,FALSE,,,409
2127181,"MALIKA CIPTA SEJAHTERA, C",DS. SUMBERGIRANG KEC. LASEM KOTA/KAB. REMBANG,0,Company,RUDIANTO,TRUE,,,,,,,0,0,0,,,11,,,0,2127181,2127181,0,0,,,FALSE,FALSE,,,410
2127209,AMERTA TIRTA BUWANA,JL.LAKSDA M.NASIR NO.29 BLOK G-22 TANJUNG PERAK,082131300963,Company,RIKI NOVA SURYATMAJA,TRUE,,,,,,,0,0,0,,,11,,,0,2127209,2127209,0,0,,,FALSE,FALSE,,,411
2127282,"ARTA BOGA CEMERLANG, PT",JL. LINGKAR LUAR BARAT KAV 35-36 RT. 001 RW. 003,0,Company,RIKI NOVA SURYATMAJA,TRUE,,,,,,,0,0,0,,,11,,,0,2127282,2127282,0,0,,,FALSE,FALSE,,,412
2127324,PT SERUPUT KAVA ABHINAYA,JALAN LINGKAR LUAR BARAT KAVELING 35-36,0,Company,RIKI NOVA SURYATMAJA,TRUE,,,,,,,0,0,0,,,11,,,0,2127324,2127324,0,0,,,FALSE,FALSE,,,413
2127328,"SURYA BERKAH INDONESIA, P",JL. KI HAJAR DEWANTARA NO 124,082223459988,Company,RUDIANTO,TRUE,,,,,,,0,0,0,,,11,,,0,2127328,2127328,0,0,,,FALSE,FALSE,,,414
2127358,SINGA GEMILANG PERSADA,"JL RAYA SETU TELAJUNG RT.002 RW.002 LUBANGBUAYA, SETU",082266880707,Company,RIKI NOVA SURYATMAJA,TRUE,,,,,,,0,0,0,,,11,,,0,2127358,2127358,0,0,,,FALSE,FALSE,,,416
2127507,ABU BAKAR,KELUTAN RT 007 RW 001 DESA KELUTAN KEC NGRONGGOT,0,Company,RIKI NOVA SURYATMAJA,TRUE,,,,,,,0,0,0,,,11,,,0,2127507,2127507,0,0,,,FALSE,FALSE,,,418
2126966,PT. POS LOGISTIK INDONESI,GEDUNG POS IBUKOTA LT 4 JL LAPANGAN BENTENG UTAMA NO 1 KEC.,02134832552,Company,SEFTI MARDIANTI,TRUE,,TEGUH WIBOWO,,,,,0,0,0,,,11,,,0,2126966,2126966,0,0,,,FALSE,FALSE,,,399
2127633,PT INTAN USTRIX,JL. RAYA ROOMO NO. 425 MANYAR,08121736425,Company,RIKI NOVA SURYATMAJA,TRUE,,,,,,,0,0,0,,,11,,,0,2127633,2127633,0,0,,,FALSE,FALSE,,,422
2127634,CV PANGKAL LESTARI,INTILAND TOWER OFFICE SUITES LEVEL 3 JL. PANGLIMA SUDIRMAN,081291754989,Company,RIKI NOVA SURYATMAJA,TRUE,,,,,,,0,0,0,,,11,,,0,2127634,2127634,0,0,,,FALSE,FALSE,,,423
2127654,DUTA ARAH PERSADA,JL. MIRAH II NO. 20 PPS MANYAR RT. 01 RW. 12 SUCI MANYAR,081211791194,Company,RIKI NOVA SURYATMAJA,TRUE,,,,,,,0,0,0,,,11,,,0,2127654,2127654,0,0,,,FALSE,FALSE,,,424
2127683,PT KARYA SEMESTA LOGISTIK,JALAN KUNIR NO 37 BLOK I/4,0,Company,RIKI NOVA SURYATMAJA,TRUE,,,,,,,0,0,0,,,11,,,0,2127683,2127683,0,0,,,FALSE,FALSE,,,425
2127706,"MITRA HANDAL ABADI, CV",PERUM PATRA INDAH BLOK A21 RT01/20 KEL. SIDANEGARA,0,Company,RUDIANTO,TRUE,,,,,,,0,0,0,,,11,,,0,2127706,2127706,0,0,,,FALSE,FALSE,,,426
2127707,PT MUCOINDO PRAKASA,ROSEVILLE SOHO & SUITE LT 6 NO. 6 SUNBURST CBD LOT 1.8,081387985798,Company,RIKI NOVA SURYATMAJA,TRUE,,,,,,,0,0,0,,,11,,,0,2127707,2127707,0,0,,,FALSE,FALSE,,,427
2127745,CV. SURYA LINTAS BAKTI,JL. KOMODOR YOS SUDARSO RT 3 RW 4 MANDARANREJO PANGGUNGREJO,081387985798,Company,RIKI NOVA SURYATMAJA,TRUE,,,,,,,0,0,0,,,11,,,0,2127745,2127745,0,0,,,FALSE,FALSE,,,429
2127746,CV. SAHABAT BANGKIT LESTA,GRAHA SAMPURNA INDAH BLOK S NO. 05 BABATAN WIYUNG,081291754989,Company,RIKI NOVA SURYATMAJA,TRUE,,,,,,,0,0,0,,,11,,,0,2127746,2127746,0,0,,,FALSE,FALSE,,,430
2127747,PT WIJAYA MEKAR PERKASA,"KSATRIAN AMJI ATAK KELAPA DUA KEL. PASIR GUNUNG SELATAN KEC,",081908172926,Company,RIKI NOVA SURYATMAJA,TRUE,,,,,,,0,0,0,,,11,,,0,2127747,2127747,0,0,,,FALSE,FALSE,,,431
2127748,CV BERKAH JAYA SETIA,INTILAND TOWER OFFICE SUITES LEVEL 3 PANGLIMA SUDIRMAN,081291754989,Company,RIKI NOVA SURYATMAJA,TRUE,,,,,,,0,0,0,,,11,,,0,2127748,2127748,0,0,,,FALSE,FALSE,,,432
2127768,"JAYA PLUS LOGISTICS, PT",PERKANTORAN PLAZA PASIFIK BLOK A2 NO. 34-36 LT. 4,0,Company,RIKI NOVA SURYATMAJA,TRUE,,,,,,,0,0,0,,,11,,,0,2127768,2127768,0,0,,,FALSE,FALSE,,,433
2127769,PT. TURANGGA PARAMITRA,JL RAYA NAROGONG KM 24 DESA DAYEUH,0,Company,RIKI NOVA SURYATMAJA,TRUE,,,,,,,0,0,0,,,11,,domi.muslih@turangga.com,0,2127769,2127769,0,0,,,FALSE,FALSE,,,434
2127821,PT. SINERGI MITRANIAGA SU,JL. RAYA SUTOREJO PRIMA NO 84 DUKUH SUTOREJO MULYOREJO,0315994771,Company,RIKI NOVA SURYATMAJA,TRUE,,,,,,,0,0,0,,,11,,,0,2127821,2127821,0,0,,,FALSE,FALSE,,,435
2127952,"MEGA SURYA ERATAMA, PT",JL. RAYA JASEM DS. JASEM KEC. NGORO KAB. MOJOKERTO,0,Company,ANDY ZUNAN HILMI,TRUE,,BU INES,,,,,0,0,0,,,11,,,0,2127952,2127952,0,0,,,FALSE,FALSE,,,437
2127984,PT. KUMALA LOGISTICS,JL. PEKOJAN NO. 88-89,0,Company,RIKI NOVA SURYATMAJA,TRUE,,,,,,,0,0,0,,,11,,marketing@kumlog.co.id,0,2127984,2127984,0,0,,,FALSE,FALSE,,,438
2128089,"CELINE BOGOR KERTASINDO,",KAMPUNG TEGAL SEMPUR RT 015 RW 001 LULUT KLAPANUNGGAUL,087884928423,Company,RIKI NOVA SURYATMAJA,TRUE,,,,,,,0,0,0,,,11,,,0,2128089,2128089,0,0,,,FALSE,FALSE,,,439
2128190,PT RUDY SALEH JAYA,"JL. BOULEVARD BARAT RAYA, PLAZA PASIFIK BLOK B3 NO.63",081802227398,Company,RIKI NOVA SURYATMAJA,TRUE,,,,,,,0,0,0,,,11,,,0,2128190,2128190,0,0,,,FALSE,FALSE,,,440
2128196,"LAUTAN SAMUDERA JAYAESA,","JL. FALIMAN JAYA NO 45 KAMPUNG RAWA BAMBAN,",081808822229,Company,RIKI NOVA SURYATMAJA,TRUE,,,,,,,0,0,0,,,11,,,0,2128196,2128196,0,0,,,FALSE,FALSE,,,441
2128376,CV RUDY JAYA,DS BANJARAGUNG RT 05 RW 03 BANJARAGUNG WARUREJA,0,Company,RIKI NOVA SURYATMAJA,TRUE,,,,,,,0,0,0,,,11,,,0,2128376,2128376,0,0,,,FALSE,FALSE,,,442
2128459,PT. CAKRAWALA SAMUDRA NUS,PERUM GRIYA KARTIKA BLOK H-23 RT 25 RW 05,081359704258,Company,RIKI NOVA SURYATMAJA,TRUE,,,,,,,0,0,0,,,11,,,0,2128459,2128459,0,0,,,FALSE,FALSE,,,444
2130616,"KIRANA ABADI, CV","KEBO IWA UTARA NO. 199, PADANGSAMBIAN KAJA",+62 821-4447-6003,Company,PUTRA BAGUS FERMANSYAH,TRUE,,IBU MERTA,,,,,0,0,0,,,11,,kiranaabadi87@gmail.com,0,2130616,2130616,0,0,,,FALSE,FALSE,,,464
2128736,CV. KARYA MULYA UTAMA,SEJAHTERA NO 50 RT 01 RW 04 KARANGMULYA KEC PLUMBON,085939361999,Company,RUDIANTO,TRUE,,,,,,,0,0,0,,,11,,,0,2128736,2128736,0,0,,,FALSE,FALSE,,,447
2128841,PT. TRIBUANA JAYA SAKTI,PERUMAHAN METRO REGENCY BLOK A NO 20 KEL PEPE KEC SEDATI,03199923110,Company,RIKI NOVA SURYATMAJA,TRUE,,,,,,,0,0,0,,,11,,tribuanajayasaktipt@gmail.com,0,2128841,2128841,0,0,,,FALSE,FALSE,,,449
CUS25020006,PT DASA NIAGA NUSANTARA,RUKAN GRAHA CEMPAKA MAS BLOK A.15 SUMUR BATU KEMAYORAN JAKARTA PUSAT,021 - 4213888,Company,,TRUE,,NADHIRA TASYA,,,,,0,0,0,,03.222.944.5-027.000,11,,dania@tazar.co.id,"50,000,000",2135355,2135355,0,0,,,FALSE,FALSE,,,590
2128927,PT. SAMUDRA SILICA INDONE,"JL. MERDEKA NO 15 BEJI UNGARAN TIMUR, KAB SEMARANG 50519",082133106794,Company,RUDIANTO,TRUE,,,,,,,0,0,0,,,11,,,0,2128927,2128927,0,0,,,FALSE,FALSE,,,451
2129328,PT. BERKAH ALAM TRANSINDO,JALAN VETERAN NO 121 RT 004 RW 001 SINGOSARI KEBOMAS,082131123519,Company,RIKI NOVA SURYATMAJA,TRUE,,,,,,,0,0,0,,,11,,,0,2129328,2129328,0,0,,,FALSE,FALSE,,,453
2129734,CV. PRIMA CITRA ANDALAS,KOMP. PONDOK KARYA AGUNG BLOK RA,0,Company,RIKI NOVA SURYATMAJA,TRUE,,,,,,,0,0,0,,,11,,,0,2129734,2129734,0,0,,,FALSE,FALSE,,,454
CUS25090003,,,,,,FALSE,,,,,,,0,0,0,,,,,,0,,,0,0,,,FALSE,FALSE,,,640
2129849,"NARAYA PUTRI PERKASA, PT",JL. PENYU RT 006 RW 013,02825396498,Company,RUDIANTO,TRUE,,,,,,,0,0,0,,,11,,narayaputriperkasa@gmail.com,0,2129849,2129849,0,0,,,FALSE,FALSE,,,456
2129851,"MANNA GRASIA, CV",JL PRAPEN INDAH BLOK H-7,082335698011,Company,RUDIANTO,TRUE,,,,,,,0,0,0,,,11,,mannagrasia@gmail.com,0,2129851,2129851,0,0,,,FALSE,FALSE,,,457
2129983,BUDI SANTOSO,PAYAMAN RT 001 RW 008 DESA KARANGSARI KEC SEMIN,081233523877,Company,RIKI NOVA SURYATMAJA,TRUE,,,,,,,0,0,0,,,11,,,0,2129983,2129983,0,0,,,FALSE,FALSE,,,458
2130432,"NAURA AKBAR UTAMA, PT",PERUMAHAN VILLA TEGAL BESAR BLOK E NO 27 KEL TEGAL BESAR,03315102427,Company,RUDIANTO,TRUE,,,,,,,0,0,0,,,11,,nauraakbarutama@gmail.com,0,2130432,2130432,0,0,,,FALSE,FALSE,,,459
2130549,"TUNGGAL SAKTI PERKASA, PT",JL RAYA TENGGILIS MEJOYO,081219241987,Company,RUDIANTO,TRUE,,,,,,,0,0,0,,,11,,ptunggalsaktiperkasa@gmail.com,0,2130549,2130549,0,0,,,FALSE,FALSE,,,460
2130550,"PILAR MERAPI, PT",DK DUKUH DS KEPUTRAN KEC KEMALANG,081215002772,Company,RUDIANTO,TRUE,,,,,,,0,0,0,,,11,,,0,2130550,2130550,0,0,,,FALSE,FALSE,,,461
CUS25080002,PT CAHAYA INDAH PUTRA,"Jl. DR. Wahidin SH, Gang XIII G, Dahanrejo, Kebomas, Gresik -61124",08213133718,Company,BRAHIM,TRUE,,08213133718,,,,,0,0,0,,0504963315741000,11,,cahayaindah28@yahoo.co.id,"10,000,000",2136709,PT CAHAYA INDAH PUTRA,0,0,,,FALSE,FALSE,,,629
2130554,CV. NABILA,"DSN. PULE RT.004 RW.002, MANDER, TAMBAKBOYO",081331035633,Company,PUTRA BAGUS FERMANSYAH,TRUE,,BAPAK WARDOYO,,,,,0,0,0,,,11,,,0,2130554,2130554,0,0,,,FALSE,FALSE,,,463
2130637,"HIJAU ALAM NUSANTARA, PT",DUSUN MANDURO MANGGUNG GAJAH KM 1.00 NGORO,08113181299,Company,RUDIANTO,TRUE,,,,,,,0,0,0,,,11,,Hijauamlammarketing@gmail.com,0,2130637,2130637,0,0,,,FALSE,FALSE,,,465
2130638,"CALSIUM BUMI MAKMUR, CV","DESA PUCANGAN, MONTONG",0811317596,Company,RUDIANTO,TRUE,,,,,,,0,0,0,,,11,,,0,2130638,2130638,0,0,,,FALSE,FALSE,,,466
2130639,"MATARAM AGUNG, PT",JL. SOEKARNO HATTA NO 137,03354493760,Company,RUDIANTO,TRUE,,BAPAK YUDI,,,,,0,0,0,,,11,,mataramagungprobolinggo@gmail.com,0,2130639,2130639,0,0,,,FALSE,FALSE,,,467
2128657,PT. KOIN TUNGGAL JAYA,DSN BANTUR TIMUR RT.036-RW.008 DS.BANTUR KEC BANTUR,081313190005,Company,RUDIANTO,TRUE,,,,,,,0,0,0,,,11,,,"50,000,000",2128657,2128657,"26,665,440","23,334,560",10.05.2024,,FALSE,FALSE,,,446
2100537,"TRIARTA ADITAMA, PT",JL ARIMBI RT 001 RW 002 NOBOREJO - ARGOMULYO - SALATIGA - JA,0298325988,Company,PUTRA BAGUS FERMANSYAH,TRUE,,PAK CATUR,,,,,0,0,0,,314371717505000,11,,,"950,000,000",2100537,2100537,"920,261,813","29,738,187",03.07.2025,,FALSE,FALSE,,,268
CUS25010008,"PT, TRIPATRA ENGINEERS AND CONSTRUCTORS","Sektor VII CBD, CBD Bintaro Jaya, INDY Bintaro Office Park, Jl. Boulevard Bintaro Jaya Blok B7/A6, P",08161396274,Company,RIKI NOVA SURYATMAJA,TRUE,,OTTI MUKTIONO,,,,,0,0,0,,,11,,,"100,000,000",2134765,2134765,0,0,,,FALSE,FALSE,,,582
2130741,"AGUNG MAJU BERSAMA, CV","GUNUNG AGUNG NO.178 A, DS PANDANG SAMBIRAN",081338318999,Company,PUTRA BAGUS FERMANSYAH,TRUE,,BAPAK DONY,,,,,0,0,0,,,11,,,"50,000,000",2130741,2130741,"22,809,600","27,190,400",23.08.2024,,FALSE,FALSE,,,468
CUS24080005,PT BERKAH PUJA GATHI,Bakalan RT. 003/007 Kec. Kandeman Kab Batng Jateng,,,,FALSE,,081542039688,,,,,0,0,0,,625947049513000,11,,jcc.james80@gmail.com,"7,000,000",2132404,,0,0,,,FALSE,FALSE,,,536
CUS24050004,PT. SANI MANDIRI BERSAMA,"jalan raya II ujungrusi , Desa/Kelurahan Ujungrusi, Kec. Adiwerna Kab Tegal Jawa Tengah",081325669414,Company,ADIB SUAIB,TRUE,,081325669414,,,,,0,0,0,,72.996.330.6-501.000,11,,s.bersama82@yahoo.com,0,2132248,,0,0,,,FALSE,FALSE,,,507
2129213,PT. REMBANG BANGUN PERSADA,TEGALDOWO GUNEM REMBANG,0,Company,RUDIANTO,TRUE,,,,,,,0,0,0,,,11,,,"20,000,000",2129213,2129213,0,0,,,FALSE,FALSE,,,452
2130742,"ANUGERAH MAPAN BERSAMA, C","GATOT SUBROTO TIMUR, DS. KESIMAN KERTALANGU",+62 813-3831-8999,Company,PUTRA BAGUS FERMANSYAH,TRUE,,,,,,,0,0,0,,,11,,,"32,000,000",2130742,2130742,0,0,,,FALSE,FALSE,,,469
2128403,PT. KRAKATAU ARGO LOGISTIK,"JL MAY. JEND. S.PARMAN KM.13,CIGADING,CILEGON,",0,Company,SEFTI MARDIANTI,TRUE,,BP. TESARU,,,,,0,0,0,,,11,,,"250,000,000",2128403,2128403,"89,668,310","160,331,690",02.08.2024,,FALSE,FALSE,,,443
CUS25010006,KOPERASI KARYAWAN USAHA SEJAHTERA BERSAMA,RUKO KARTINI MEGAH BLOK A NO. 3 JL. KARTINI NO. 150-152,031-3987835,,RUDIANTO,FALSE,,031-3987835,,,,,0,0,0,,,11,,,"120,000,000",2100188,2100188,"109,051,459","10,948,541",09.02.2025,,FALSE,FALSE,,,580
CUS24020005,FAUZI ASRORI,DSN TAWANGSARI RT 002 RW 004 DS PAGUTAN KEC MANYARAN KAB WONOGIRI,085803986986,Retail,PUTRA BAGUS FERMANSYAH,TRUE,,FAUZI ASRORI,,,,,0,0,0,,725560940532000,11,,,0,2130823,,0,0,29.08.2024,,FALSE,FALSE,,,489
CUS24010008,PT PURA BARUTAMA,"Jl. AKBP Agil Kusumadya No.KM. 4, Jatimakmur, Jati Wetan, Kec. Jati, Kabupaten Kudus, Jawa Tengah 59",Bu Feby (0813-2991-9801),Company,RIDWAN SISWANTO THAIB,TRUE,,Bu Feby (0813-2991-9801),,,,,0,0,0,,01.121427 7-092.000,11,KEP000038/WPJ.19/KP.0203/2003,-,"50,000,000",2131195,2131195,"3,139,856","46,860,144",16.11.2024,,FALSE,FALSE,,,480
CUS24110012,MUKHLISON,"JL. KLAKAH REJO 1B NO. 12, RT.002 RW.008, KEL. KANDANGAN, KEC. BENOWO, SURABAYA",,Retail,PUTRA BAGUS FERMANSYAH,TRUE,,MUKHLISON,,,,,0,0,0,,08.661.594.5-612.000,11,,,0,2134549,,0,0,26.12.2024,2134549,FALSE,FALSE,,,561
2100023,SEMEN INDONESIA (PERSERO),"SOUTH QUARTER, TOWER A, LT 19-20, CILANDAK BARAT",02152611745,Semen Indonesia Group,ADIB SUAIB,TRUE,00001053,VITA MAHREYNI,,,,,0,0,0,,010016319051000,11,,corporate.secretary@sig.id,"1,000,000,000,000",2100023,2100023,0,0,,SIG,FALSE,FALSE,,,252
2100600,BERHASIL INDONESIA GEMILA,JL DR IR H SOEKARNO NO 531 RT 002 RW 001 PENJARINGAN SARI,0,Company,PUTRA BAGUS FERMANSYAH,TRUE,,BAPAK ARIFIN,,,,,0,0,0,,702464249606000,11,,,0,2100600,2100600,0,0,,,FALSE,FALSE,,,270
CUS24060018,PT. JASMINE TRANSPORTAMA MANDIRI,"RUKAN SENTRA KOMERSIL BLOK RSK 6 NO. 006 GRAND GALAXY CITY, KEL. JAKASETIA, KEC. BEKASI SELATAN",0218273609,Company,SEFTI MARDIANTI,TRUE,,MARLINA ,,,,,0,0,0,,66.529.138.1-411.000,11,,marlina.jtm108@gmail.com,0,2132587,2132587,0,0,,,FALSE,FALSE,,,529
CUS24060015,PT PUSAT SARANA BARUNA,"Graha Mitra 7th Floor, Jl Jend. Gatot Subroto Kav. 21 Jakarta",+62 21 25579888,Company,BRAHIM,TRUE,,+62 21 50711111,,,,,0,0,0,,86.323.663.4-453.000,11,S-26033KT/WPJ.08/KP.1003/2018,Yohanes.Mulyono@interport.co.id,"50,000,000",2132588,PT PUSAT SARANA BARUNA,0,0,,,FALSE,FALSE,,,526
CUS24110010,PT. LINTAS CEPAT EKSPRES,"GRAHA PERWIRA GEDUNG GAJAH BLOK AQ LT.1, JLN DR. SAHARDJO NO.111, KEL. TEBET BARAT, KEC. TEBET, ",081383872626,Company,RIKI NOVA SURYATMAJA,TRUE,,ILHAM AGKOLITA,,,,,0,0,0,,39.164.962.1-015.000,11,,lintascepatekspres@gmail.com,"20,000,000",2134561,2134561,"664,000","19,336,000",22.12.2024,,FALSE,FALSE,,,559
CUS25020007,CV. SUBIYANTO JAYA EXPRESS,"JL. IKAN GURAMI LEBAR NO. 1C, KEL. PERAK BARAT, KEC. KREMBANGAN, KOTA SURABAYA",082232782815,Company,PUTRA BAGUS FERMANSYAH,TRUE,,FERRY AL MAARIJ,,,,,0,0,0,,766371082605000,11,,subiyantojayaexpress@gmail.com,0,2135382,2135382,0,0,,,FALSE,FALSE,,,591
CUS24010002,SEMEN INDONESIA LOGISTIK,JL. VETERAN NO.129 KEBOMAS,,Semen Indonesia Group,HARI KUSNANDAR,TRUE,,,,,,,0,0,0,,,11,,,0,,2300000,0,0,,,FALSE,FALSE,,,474
CUS24060014,PT. ADINDA TRAN KARGO,"JL. PONCOWOLO TIMUR II/370 B, KEL. PENDRIKAN LOR, KEC. SEMARANG TENGAH",,Company,PUTRA BAGUS FERMANSYAH,TRUE,,DESSY SURYANINGSIH,,,,,0,0,0,,66.269.114.6-509.000,11,,,"150,000,000",2132582,2132582,"21,500,000","128,500,000",31.07.2024,,FALSE,FALSE,,,525
2127353,"MITRA KARYA SEJAHTERA, CV",JL. DANAU MANINJAU RAYA NO. 138A RT 001 RW 012,0818389629,Company,RIKI NOVA SURYATMAJA,TRUE,,,,,,,0,0,0,,,11,,,"10,000,000",2127353,2127353,0,0,,,FALSE,FALSE,,,415
CUS24080002,PT. CITRA BAJA MANDIRI,"KAWASAN INDUSTRI AGARINDO NO. 168, KEL. BUNDER, KEC. CIKUPA, KAB. TANGERANG, BANTEN",02159302352,Company,SEFTI MARDIANTI,TRUE,,HASANUDIN ES,,,,,0,0,0,,40.685.629.4-451.000,11,,contact@citrabajamandiri.org,"50,000,000",2133312,2133312,0,0,,,FALSE,FALSE,,,533
CUS24040007,PT. MOTASA INDONESIA,"JL. SOEKARNO-HATTA RT.04 LOA JANAN ULU LOA JANAN, DS. LOA JANAN ULU, KEC. LOA JANAN, KAB. KUTAI KART",03216854846,Company,SEFTI MARDIANTI,TRUE,,MUHAMMAD RIZKY FADLILAH,,,,,0,0,0,,025037904725000,11,,muzakki@motasaindonesia.co.id,"50,000,000",2132185,2132185,"30,310,000","19,690,000",26.09.2024,,FALSE,FALSE,,,502
2127576,"PARKLAND WORLD INDONESIA,","JL. RAYA SERANG KM. 68, KIBIN, SERANG,",0254402301,Company,RUDIANTO,TRUE,,,,,,,0,0,0,,,11,,,"125,000,000",2127576,2127576,"77,730,413","47,269,587",03.03.2024,,FALSE,FALSE,,,419
2112529,RAGAM USAHA PRIMA MANDIRI,"JL. KOLONEL SUGIONO RUKO PEMUDA BLOK ANO. 17, PANDANSARI",0,Company,PUTRA BAGUS FERMANSYAH,TRUE,,SIGIT,,,,,0,0,0,,,11,,,"200,000,000",2112529,2112529,0,0,,,FALSE,FALSE,,,346
CUS25070001,CV. QURNIA ABADI JAYA,"DUSUN KRAJAN RT.002 RW.001, KEL. WONOJOYO, KEC. GURAH, KAB. KEDIRI, JAWA TIMUR 64181",085731215727,Retail,PUTRA BAGUS FERMANSYAH,TRUE,,SYAHRONI SEBTIYANTO,,,,,0,0,0,,991403841655000,11,,qurniaabadi22@gmail.com,0,2136536,2136536,0,0,,,FALSE,FALSE,,,622
2300002,"VARIA USAHA BAHARI, PT","JL. VETERAN NO.171 A RT.02 RW.01, GENDING, GRESIK",0,Company,RIKI NOVA SURYATMAJA,TRUE,,,,,,,0,0,0,,,11,,,"400,000,000",2300002,2300002,"6,208,300","393,791,700",28.02.2026,,FALSE,FALSE,,,471
CUS25090004,,,,,,FALSE,,,,,,,0,0,0,,,,,,0,,,0,0,,,FALSE,FALSE,,,641
CUS25090005,,,,,,FALSE,,,,,,,0,0,0,,,,,,0,,,0,0,,,FALSE,FALSE,,,642
CUS24120007,PT. DAHANA INVESTAMA CORP,"MENARA MTH LT.17, JL. MT HARYONO KAVLING 23, KEL. TEBET TIMUR, KEC. TEBET, JAKARTA SELATAN",02183782317,Company,MUHAMMAD FAKHRI AZMI AULI ,TRUE,,"BUDI IRFANI, SE",,,,,0,0,0,,01.690.896.4-015.000,11,,agus.setiabudi@dahana.is,"50,000,000",2134763,2134763,0,0,,,FALSE,FALSE,,,570
CUS24020004,PT. DOWA ECO SYSTEM INDONESIA,"JL. RAYA DAENDELS KM. 91, TLOGORETNO, BRONDONG, KABUPATEN LAMONGAN, JAWA TIMUR 62263",081334316002,Company,ANDY ZUNAN HILMI,TRUE,,,,,,,0,0,0,,313536750604000,11,,"ahmad,fauzi@desi.co.id","100,000,000",2128047,,"9,821,180","90,178,820",23.07.2025,,FALSE,FALSE,,,488
CUS25090006,,,,,,FALSE,,,,,,,0,0,0,,,,,,0,,,0,0,,,FALSE,FALSE,,,643
CUS25090007,,,,,,FALSE,,,,,,,0,0,0,,,,,,0,,,0,0,,,FALSE,FALSE,,,644
CUS25060005,PT. GALIC BINA MADA,"JL. INSPEKSI KALIMALANG RT.002 RW.001. KEL. SUKADANAU, KEC. CIKARANG BARAT, KAB. BEKASI",,Company,RIKI NOVA SURYATMAJA,TRUE,,SANDY RUSLI,,,,,0,0,0,,013092549431000,11,,ijin@galicbinamada.com,"16,000,000",2136436,2136436,"15,558,500","441,500",25.10.2025,,FALSE,FALSE,,,621
2103604,MULYA AGUNG DIRGANTARA,RAYA PANDUGO 147 PENJARINGAN SARIRUNGKUT - SURABAYA,0318791440,Company,BRAHIM,TRUE,,,,,,,0,0,0,,,11,,,"86,000,000",2103604,2103604,"84,450,000","1,550,000",27.10.2025,,FALSE,FALSE,,,306
2103974,WAHYU PANCA SUKSES,"RUKO GREEN GARDEN, DAHANREJO, KEBOMAS",0313970994,Company,RUDIANTO,TRUE,,,,,,,0,0,0,,,11,,,"300,000,000",2103974,2103974,"17,646,080","282,353,920",08.11.2025,,FALSE,FALSE,,,338
2126118,SAMSUL ANWARI,JL. PELABUHAN DUA KM 9 RT.002 RW.001 KEBONMANGGU,082312930571,Company,PUTRA BAGUS FERMANSYAH,TRUE,,BU VERA,,,,,0,0,0,,,11,,,"5,000,000",2126118,2126118,0,0,,,FALSE,FALSE,,,392
CUS24010011,PT INTI LUHUR MULIA,JL BRAWIJAYA NO. 19 GUMENO MANYAR GRESIK,087794302700,Company,ARLI TRI WIGUNA,TRUE,,M. ALI FIKRI,,,,,0,0,0,,60.872.390.4-642.000,11,S-233/PKP/KPP.241003/2023,intiluhurmulia@gmail.com,"10,000,000",2131328,2131328,0,0,,,FALSE,FALSE,,,483
CUS24050006,CV SEKAR MANDIRI,JL. SINGA LAUT NO. 156 RT.005 RW.013 KEL. MERTASINGA KEC. CILACAP UTARA KAB. CILACAP,08122701206,Company,MUHAMMAD FAKHRI AZMI AULIA,TRUE,,SUKAINAH,,,,,0,0,0,,02.908.836.6-522.000,11,,,"90,000,000",2132277,2132277,"58,650,500","31,349,500",01.11.2024,,FALSE,FALSE,,,509
CUS25020009,PT. PLATINUM CEMERLANG INDONESIA,"KALIPURI, BANDAR KEDUNG MULYO, KEC. BANDARKEDUNGMULYO, JOMBANG, JAWA TIMUR 61462",082332775757,Company,PUTRA BAGUS FERMANSYAH,TRUE,,QIANG YU,,,,,0,0,0,,96.024.681.7-455.000,11,,,"20,000,000",2135428,2135428,0,0,,,FALSE,FALSE,,,593
CUS24120004,CV. KIRANA NAWA SENA,"PERUMAHAN GREEN LAKE NATURAL LIVING BLOK G-22, KELURAHAN WONOREJO, KECAMATAN RUNGKUT, SURABAYA",081333372178,Company,PUTRA BAGUS FERMANSYAH,TRUE,,SYAFA ZIYADAH KIRANA,,,,,0,0,0,,62.681.142.6-615.000,11,,kirananawasena@gmail.com,"50,000,000",2134732,2134732,"8,500,000","41,500,000",20.09.2025,,FALSE,FALSE,,,567
CUS25070006,PT. SEMEN BATURAJA TBK,"JL. ABIKUSNO COKROSUYOSO NO. 1175, RT 000, RW 000, KERTAPATI, KOTA PALEMBANG, SUMATERA SELATAN 30528",062711511261,Semen Indonesia Group,ADIB SUAIB,TRUE,,,,,,,0,0,0,,0010021152051000,11,,tax.smbr@sig.id ,0,2121494,2121494,0,0,,,FALSE,FALSE,,,627
CUS24020001,RONALD WERNER SALAMPESSY,"DUSUN AMALATUEI, DESA SULI, KECAMATAN SALAHUTU, MALUKU TENGAH",085222240702,Retail,PUTRA BAGUS FERMANSYAH,FALSE,,RONALD WERNER SALAMPESSY,,,,,0,0,0,,753698984941000,11,,tanete_ambon@yahoo.com,"10,000,000",2131566,2131566,0,0,,,FALSE,FALSE,,,485
CUS24030002,PT. GAMA INTISAMUDERA,"JL. TANJUNG PRIOK NO. 12A, KEL. PERAK BARAT, KEC. KREMBANGAN, SURABAYA",,Company,PUTRA BAGUS FERMANSYAH,TRUE,,DRS. SYAMSUL MA'ARIF,,,,,0,0,0,,017160326631000,11,,,0,2131856,2131856,0,0,,,FALSE,FALSE,,,493
CUS24060009,PT. TJAKRINDO MAS,"JL. RAYA KEPATIHAN NO. 168, DESA KEPATIHAN, KECAMATAN MENGANTI, KABUPATEN GRESIK",0317993818,Company,PUTRA BAGUS FERMANSYAH,TRUE,,SISWOYO,,,,,0,0,0,,01.440.869.4-641.000,11,,tjakmas@yahoo.com,0,2132284,2132284,0,0,,,FALSE,FALSE,,,520
CUS24060012,RIZKY VANDI JUNANDA (PELANGGAN TUNAI),"PUP SEKTOR V BLOK C6 NO.09 RT.004 RW.022, KEL. BAHAGIA. KEC. BABELAN",,Retail,SEFTI MARDIANTI,TRUE,,RIZKY VANDI JUNANDA,,,,,0,0,0,,83.904.364.3-435.000,11,,,0,2132403,2132403,0,0,,,FALSE,FALSE,,,523
CUS24010010,PT. ENGGAL SUBUR KERTAS,"Jl. Raya Kudus Pati KM 12.5, Terban, Jekulo, Kudus",0811-277-083,Company,RIDWAN SISWANTO THAIB,TRUE,,Bu Rina - 0811-277-083,,,,,0,0,0,,01.641.767.7-511.000,11,PEM-00397/WPJ.10/KP.1003/2013,-,"200,000,000",2131384,2131384,0,0,,,FALSE,FALSE,,,482
CUS24040004,PT. IRON BIRD,"JL. CAKUNG CILINCING NO. 10, RT. 004 RW. 003, SEMPER TIMUR, CILINCING, JAKARTA UTARA, DKI JAKARTA  ",,Company,PUTRA BAGUS FERMANSYAH,FALSE,,SATRIYO HADI UTOMO,,,,,0,0,0,,016024127045000,11,,,0,2132083,2132083,0,0,,,FALSE,FALSE,,,499
CUS24050002,CV RIZQY BAROKAH,"Gunungmulyo RT.002 RW.001 Kelurahan Gunungmulyo Kecamatan Sarang ,Rembang, Jawa Tengah",085226046968,Company,MUHAMMAD FAKHRI AZMI AULIA,TRUE,,Rudi Setiyawan,,,,,0,0,0,,3317052901830000,11,,,0,2132252,,0,0,04.07.2024,,FALSE,FALSE,,,505
CUS24010005,MUHAMMAD MAULANA AL JUFRI,"JL. SUNAN GIRI 14/11, RT. 006 RW.002, DESA GIRI, KECAMATAN KEBOMAS, GRESIK",,Company,PUTRA BAGUS FERMANSYAH,TRUE,,082228236762,,,,,0,0,0,,,11,,,"31,000,000",2131077,2131077,0,0,,,FALSE,FALSE,,,477
CUS25020010,CV. HIMALAYA,"PONDOK JATI BLOJ CI-17, KEL. JATI, KEC. SIDOARJO, KAB. SIDOARJO",031-8958524,Company,PUTRA BAGUS FERMANSYAH,TRUE,,RUDY MULYADI,,,,,0,0,0,,03.067.523.5-617.000,11,,himayalasby@gmail.com,0,2135411,2135411,0,0,,,FALSE,FALSE,,,594
CUS24040002,"KAWAN SEJATI SAMUDRA, PT","Perum Semarang Indah Blok E.9 No.2 RT.001 RW.010, Kelurahan Tawang Mas, Kecamatan Semarang Barat",081326184089,Company,ARLI TRI WIGUNA,TRUE,,,,,,,0,0,0,,032033078503000,11,,,"500,000,000",2132037,2132037,"289,180,600","210,819,400",10.01.2025,,FALSE,FALSE,,,497
CUS25080010,HM. RIDWAN. SH,JL. PANGLIMA SUDIRMAN NO. 26 RT01 RW03 DS. SUKOLILO KEC. TUBAN,082132536243,Retail,BRAHIM,TRUE,02M010,HM. RIDWAN. SH,,,,,0,0,0,,06.628.694.9-648.000,11,,,0,2136857,2136857,0,0,,,FALSE,FALSE,,,637
CUS25090008,,,,,,FALSE,,,,,,,0,0,0,,,,,,0,,,0,0,,,FALSE,FALSE,,,645
CUS25090023,PT. SUMATERA KEMASINDO,"JL. LINTAS TIMUR KM 18. KEL. KULIM. KEC. KULIM, KOTA PEKANBARU, RIAU",085100866919,Company,RIKI NOVA SURYATMAJA,TRUE,,ARIFIN BAKRI,,,,,0,0,0,,0020375424211000,11,,"kemasindo@ptsumatera,co,id","75,000,000",2136993,2136993,"74,665,000","335,000",15.12.2025,,FALSE,FALSE,,,660
CUS24120001,PT. HUTOMO TATA MANDIRI,"RUKO GARDEN 8 BLOK G NO. 35, GADING SERPONG, KEL. PAKULONAN BARAT, KEC. KELAPA DUA, TANGERANG",081331545030,Company,RIKI NOVA SURYATMAJA,TRUE,,DENY CANDRA IRAWAN,,,,,0,0,0,,31.657.178.5-451.000,11,,hutomo.jkt@gmail.com,"40,000,000",2134733,2134733,"209,050","39,790,950",09.02.2025,,FALSE,FALSE,,,564
2127624,BERHASIL INDONESIA GEMILANG LOGISTIK,JL IR SOEKARNO (MERR) NO 531 RT 002 RW 001 PENJARINGAN SARI,0,Company,PUTRA BAGUS FERMANSYAH,TRUE,,BAPAK ARIEFIN,,,,,0,0,0,,,11,,,"200,000,000",2127624,2127624,"93,018,260","106,981,740",19.11.2025,,FALSE,FALSE,,,421
CUS25060002,PT. KURNIA ARTHA PRATIWI,"JL. RAYA PAMUCATAN KM 22.5, KELURAHAN CIBURUY, KECAMATAN PADALARANG, KAB. BANDUNG BARAT",0226807070,Company,RIKI NOVA SURYATMAJA,TRUE,,IVAN WIJONO,,,,,0,0,0,,025259813441000,11,,tambang@kurniamineral.com,"30,000,000",2136360,2136360,"3,750,000","26,250,000",28.11.2025,,FALSE,FALSE,,,618
CUS24070001,PT. MARITIM KARKASA SAMUDERA,"JL. LAKSDA MOH NAZIR NO. 29 RUKO BLOK G-17, KEL. PERAK BARAT, KEC. KREMBANGAN, SURABAYA",082199445566,Company,PUTRA BAGUS FERMANSYAH,TRUE,,ROBY AGUSSALIM,,,,,0,0,0,,19.712.737.6-605.000,11,,maritimkarkasasamudera@gmail.com,"65,000,000",2132911,2132911,0,0,,,FALSE,FALSE,,,530
CUS24060016,RONALDO MARPAUNG,Jl. Raya KM 79,,Company,,TRUE,,,,,,,0,0,0,,,11,,,"1,500,000",2132662,2132662,0,0,,,FALSE,FALSE,,,527
CUS25070005,PT. ARTHA KENCANA SUCOREJO,JL Raya Tuban-Semarang KM23 Ds Sucorejo Kec Jenu Kab Tuban Jawa Timur ,,,RUDIANTO,TRUE,,085315039467,,,,,0,0,0,,1000000002962172,11,,,"100,000,000",2136628,,"74,200,000","25,800,000",17.09.2025,,FALSE,FALSE,,,626
CUS24060013,YOGIE WARDHANA PUTRA (PELANGGAN TUNAI),"JAMBU 42 RT.007 RW.002, KEL. TAMBAKSARI, KEC. TAMBAKSARI",,Retail,PUTRA BAGUS FERMANSYAH,TRUE,,YOGIE WARDHANA PUTRA,,,,,0,0,0,,54.077.583.0-619.000,11,,,"10,000,000",2125392,2125392,0,0,,,FALSE,FALSE,,,524
CUS24060001,PT. AMAK FIRDAUS UTOMO,"JL. ANGGREK NO. 2, KEL. SUKABUMI, KEC. MAYANGAN, KOTA PROBOLINGGO, JAWA TIMUR 67219",,Company,PUTRA BAGUS FERMANSYAH,TRUE,,,,,,,0,0,0,,01.637.477.9-651.000,11,,aaarudyanto@utomoflex.com,"130,000,000",2100142,2100142,"27,282,840","102,717,160",09.09.2025,,FALSE,FALSE,,,512
CUS24060007,PT. MAKALANI CHALIM PERSADA,"JL. WIJAYA KUSUMA NO. 59, NGEBLAK LOR RT.001 RW.001 KECAMATAN GIRIWOYO",082245127517,Company,PUTRA BAGUS FERMANSYAH,TRUE,,,,,,,0,0,0,,43.924.520.0-532.000,11,,makalanipt@gmail.com,0,2131079,2131079,0,0,,,FALSE,FALSE,,,518
CUS25080004,PT. BANGUN PERSADA MORTARINDO,"SUB CO SPAZIO TOWER SUITE OFFICE NO. 16, JL. MAYJEN YONO SUWONO NO.35, LT. 10, KEL. PRADAH KALIKENDA",08119357777,Company,PUTRA BAGUS FERMANSYAH,TRUE,,IRWANDI WIBISONO,,,,,0,0,0,,125097675618000,11,,mortarindo.adm@gmail.com,"20,000,000",2136749,2136749,0,0,,,FALSE,FALSE,,,631
CUS24050007,"MITRA ARTA PRIMA, PT","JL TANJUNG DATUK NO. 212 D, KEL TANJUNG RHU, KEC LIMA PULUH",081271763920,Company,SEFTI MARDIANTI,TRUE,,081271763920,,,,,0,0,0,,397890740211000,11,,ptmitraartaprima@gmail.com,0,2132328,2132328,0,0,,,FALSE,FALSE,,,510
CUS25080009,PT. MITRA NUANSA UTAMA,"JL. PANGLIMA SUDIRMAS NO. 23-25, KEL. EMBONG KALIASIN, KEC. GENTENG, KOTA SURABAYA",,Company,RIKI NOVA SURYATMAJA,TRUE,,EVI SEPTINASARI,,,,,0,0,0,,728241571615000,11,,,"20,000,000",2136707,2136707,0,0,,,FALSE,FALSE,,,636
CUS24110008,MUHAMMAD ANDY RIDHWAN,"JL. PINUS NO. 27, RT.002 RW.002, KEL. KEPANJEN KIDUL, KEC. KEPANJEN KIDUL, BLITAR",,Retail,PUTRA BAGUS FERMANSYAH,TRUE,,MUHAMMAD ANDY RIDHWAN,,,,,0,0,0,,,11,,,"10,000,000",2134510,2134510,0,0,,,FALSE,FALSE,,,557
CUS25030011,CV. MEGA BINTANG BALI,"JL. I GUSTI KETUT JELANTIK, KEL. WERDI BHUWANA, KEC. MENGWI, BADUNG, BALI",0812131335528,Company,PUTRA BAGUS FERMANSYAH,TRUE,,SARI EKAWATI WIJAYA,,,,,0,0,0,,22.526.305.2-906.000,11,,megabintangbali2024@gmail.com,"290,000,000",2135600,2135600,"79,500,000","210,500,000",07.09.2025,,FALSE,FALSE,,,608
CUS25090009,,,,,,FALSE,,,,,,,0,0,0,,,,,,0,,,0,0,,,FALSE,FALSE,,,646
CUS25090022,PT. ANEKA FORTUNA NUSANTARA,"JL. NASIONAL 1, KEL. SUGIHWARAS, KEC. JENU, KAB. TUBAN, JAWA TIMUR",081357739947,Company,PUTRA BAGUS FERMANSYAH,TRUE,,FAHIM NIAMILLAH,,,,,0,0,0,,704663103648000,11,,,"20,000,000",2136919,2136919,0,0,,,FALSE,FALSE,,,659
CUS25090024,PT MISI SEJAHTERA BERSAMA,"Perumnas Tanjung Paku Blok J Nomor 28 , Desa/Kelurahan Tanjung Paku, Kec. Tanjung Harapan, Kota Solo",,Company,ANDY ZUNAN HILMI,TRUE,,,,,,,0,0,0,,,11,,,"10,000,000",2134511,,0,0,,,FALSE,FALSE,,,661
CUS25090010,,,,,,FALSE,,,,,,,0,0,0,,,,,,0,,,0,0,,,FALSE,FALSE,,,647
CUS25090012,,,,,,FALSE,,,,,,,0,0,0,,,,,,0,,,0,0,,,FALSE,FALSE,,,649
CUS25090013,,,,,,FALSE,,,,,,,0,0,0,,,,,,0,,,0,0,,,FALSE,FALSE,,,650
CUS25090014,,,,,,FALSE,,,,,,,0,0,0,,,,,,0,,,0,0,,,FALSE,FALSE,,,651
CUS25080007,PT. SUKSES EXPAMET,"JL. KALIANAK BARAT NO. 57C, KEL. KALIANAK, KEC. ASEMROWO, KOTA SURABAYA",08123231133,Company,PUTRA BAGUS FERMANSYAH,TRUE,,ANTONIUS JIMMY CHRISTANTO,,,,,0,0,0,,014976625631000,11,,,"666,000,000",2100135,2100135,"656,700,000","9,300,000",01.11.2025,,FALSE,FALSE,,,634
CUS25090001,CV. KRIYA ARTHA PRIMA,"DUSUN KRAJAN KULON, KEL. PALERAN, KEC. UMBULSARI, KAB. JEMBER, JAWA TIMUR 68166",089509673111,Retail,PUTRA BAGUS FERMANSYAH,TRUE,,SUBANI,,,,,0,0,0,,1000000004113363,11,,arthaprima@gmail.com,"5,000,000",2136651,2136651,0,0,,,FALSE,TRUE,,,638
CUS25090015,,,,,,FALSE,,,,,,,0,0,0,,,,,,0,,,0,0,,,FALSE,FALSE,,,652
CUS25090016,,,,,,FALSE,,,,,,,0,0,0,,,,,,0,,,0,0,,,FALSE,FALSE,,,653
CUS25090019,,,,,,FALSE,,,,,,,0,0,0,,,,,,0,,,0,0,,,FALSE,FALSE,,,656
CUS25090020,,,,,,FALSE,,,,,,,0,0,0,,,,,,0,,,0,0,,,FALSE,FALSE,,,657
CUS25090021,,,,,,FALSE,,,,,,,0,0,0,,,,,,0,,,0,0,,,FALSE,FALSE,,,658
CUS24110003,PT. GIRI PRIMA RAYA,"JL. VETERAN 5A NO. 37, KEL. SINGOSARI, KEC. KEBOMAS, KAB. GRESIK 61122",082132862141,Company,PUTRA BAGUS FERMANSYAH,TRUE,,MOCHAMAD IBNU BAGUS SUSILO,,,,,0,0,0,,0533172201642000,11,,mibn.bagus@gmail.com,0,2134362,2134362,0,0,,,FALSE,FALSE,,,552
CUS24020003,PT. WELAS JAYA ABADI (CIPONDOH),"JL. IRIGASI NO. 143 RT.001 RW.001, CIPONDOH MAKMUR, CIPONDOH",081315464691,Company,ANDY ZUNAN HILMI,TRUE,,SUWITO,,,,,0,0,0,,626268593416000,11,,welasjayaabadi@gmail.com,"89,000,000",2131078,,"21,226,000","67,774,000",06.12.2025,,FALSE,FALSE,,,487
CUS25080006,NUR ACHMAD ENDRA SUSANTO,"JL. KREMBANGAN BARU 2/10, RT.002 RW.001, KEL. KEMOYARAN, KEC. KREMBANGAN, KOTA SURABAYA",,Retail,RIKI NOVA SURYATMAJA,TRUE,,NUR ACHMAD ENDRA SUSANTO,,,,,0,0,0,,933189060605000,11,,,"20,000,000",2136785,2136785,"19,000,000","1,000,000",26.09.2025,,FALSE,FALSE,,,633
2103759,"BINTANG SURAYA PASIFIK, PT",JL. SINDUJOYO 57 RT.004 RW. 001 KROMANGRESIK,0,Company,PUTRA BAGUS FERMANSYAH,TRUE,,,,,,,0,0,0,,,11,,,"955,000,000",2103759,2103759,"602,173,232","352,826,768",21.11.2025,,FALSE,FALSE,,,334
CUS25010001,SEMEN INDONESIA LOGISTIK (DEPCONT),JL. VETERAN NO.129 KEBOMAS,,Semen Indonesia Group,RIKI NOVA SURYATMAJA,TRUE,,,,,,,0,0,0,,,11,,,0,2300000,2300000,0,0,,,FALSE,FALSE,,,575
CUS25080005,PT. GUNA BANGUN JAYA,"JL. SULTAN AGENG TIRTAYASA KM-2, KAB. CIREBON, JAWA BARAT 45153",0811202230,Company,RIKI NOVA SURYATMAJA,TRUE,,GUNAWAN TJAHJADI,,,,,0,0,0,,017859737426000,11,,,"92,000,000",2136774,2136774,"91,000,000","1,000,000",26.11.2025,,FALSE,FALSE,,,632
CUS24070002,CV. VENTURI TANI MANDIRI,"JL. RINGROAD UTARA, RUKO CASAGRANDE NO. 28, KEL. MAGUWOHARJO, KEC. DEPOK",02744542717,Company,PUTRA BAGUS FERMANSYAH,TRUE,,WANTO,,,,,0,0,0,,76.328.855.2-542.000,11,,admin@venturitanimandiri.com,"7,000,000",2121539,2121539,0,0,,,FALSE,FALSE,,,531
CUS24040001,PT. VARIA USAHA FABRIKASI,"JL. DR. WAHIDIN SUDIROHUSODO NO. 100, KEBOMAS, GRESIK, JAWA TIMUR 61121",081232204336,Company,PUTRA BAGUS FERMANSYAH,TRUE,,,,,,,0,0,0,,72.548.516.3-612.000,11,,vufafabrikasi@gmail.com,"30,000,000",2100632,2100632,0,0,,,FALSE,FALSE,,,496
CUS25060001,PT. AMARI BALI ANANTA,"JL. BYPASS NGURAH RAI NO. 888XX, KEL. PEMOGAN, KEC. DENPASAR SELATAN, KOTA DENPASAR",08113957755,Company,PUTRA BAGUS FERMANSYAH,TRUE,,NI KOMANG ASTRI YULISTYAWATI,,,,,0,0,0,,43.303.717.3-903.000,11,,amaribaliananta@gmail.com,"45,000,000",2136269,2136269,"42,360,000","2,640,000",08.10.2025,,FALSE,FALSE,,,617
CUS25020012,PT. NOTOSU BERKAH MANDIRI,"RUKO CLUSTER HARMONI HZ NO.8 HARAPAN INDAH, KEL. PUSAKA RAKYAT, KEC. TARUMAJAYA, BEKASI",081284138775,Company,RIKI NOVA SURYATMAJA,TRUE,,ALDIAS PRATOMO AJI,,,,,0,0,0,,84.808.460.4-435.000,11,,notosuberkahmandiri@gmail.com,0,2135473,2135473,0,0,,,FALSE,FALSE,,,596
CUS25010010,PT. SUPREME PAPER SOLUTION,"JL. RAYA KUPANG BARU NO. 27, KEL. DUKUH KUPANG, KEC. DUKUH PAKIS, SURABAYA, JAWA TIMUR 60225",0818393963,Company,RIKI NOVA SURYATMAJA,TRUE,,IBU PRISKA,,,,,0,0,0,,417505740402000,11,,,"730,000,000",2134979,2134979,"419,362,950","310,637,050",28.11.2025,,FALSE,FALSE,,,584
CUS24110009,PT. BUMI EKONOMI SIRKULAR,"JL. RAYA RS FATMAWATI NOMOR 07 RT.000 RW. GANDARIA UTARA, KEBAYORAN BARU",08121240898,Company,ADIB SUAIB,TRUE,,BUDI ARSIL,,,,,0,0,0,,40.069.285.1-019.000,11,,bumisirkular@gmail.com,"35,000,000",2134524,2134524,"6,200,000","28,800,000",01.08.2025,,FALSE,FALSE,,,558
CUS25090017,,,,,,FALSE,,,,,,,0,0,0,,,,,,0,,,0,0,,,FALSE,FALSE,,,654
2103619,PT. WILMAR NABATI INDONES,GEDUNG B & G LT.9 JL PUTRI HIJAU NO. 10 KESAWAN MEDAN BARAT,0,Company,ANDY ZUNAN HILMI,TRUE,,,,,,,0,0,0,,,11,,,"315,000,000",2103619,2103619,"266,913,600","48,086,400",18.12.2025,,FALSE,FALSE,,,310
CUS25090018,,,,,,FALSE,,,,,,,0,0,0,,,,,,0,,,0,0,,,FALSE,FALSE,,,655
CUS24100005,PT FREEPORT INDONESIA,Jl. HR Rasuna Said Kav X7 No6 Jakarta 12940,08192250589,Company,ANDY ZUNAN HILMI,TRUE,001439,Michael Suseno,,,,,0,0,0,,,11,,nfacrist@fmi.com,"700,000,000",2134384,2134384,"661,961,220","38,038,780",04.06.2025,,FALSE,FALSE,,,549
CUS25060004,PT YASIGA SARANA UTAMA,"KOMPLEK PT.SEMEN PADANG KEL. INDARUNG, Desa/Kelurahan Indarung, Kec. Lubuk Kilangan, Kota Padang, Pr",,Company,ANDY ZUNAN HILMI,TRUE,,yasigautama@yahoo.com,,,,,0,0,0,, 0017 5661 7520 1000,11,,,0,2136388,,0,0,,,FALSE,FALSE,,,620
CUS24040005,PT. LAZUARDO VITTORIO INDONESIA,"SOUTH QUARTER TOWER A, 18TH FLOOR, DESA CILANDAK BARAT, KEC. CILANDAK, JAKARTA SELATAN, DKI JAKARTA ",,Company,SEFTI MARDIANTI,TRUE,,PURNOMO,,,,,0,0,0,,926586116016000,11,,lazuardovictory@gmail.com,0,2132090,2132090,0,0,,,FALSE,FALSE,,,500
CUS25030012,PT. PENDAWA BERSAMA JAYA,"JL. MANYAR KARTIKA TIMUR III/11, KEL. MENUR PUMPUNGAN, KEC. SUKOLILO",081357881118,Company,RIKI NOVA SURYATMAJA,TRUE,,JONY WIDJAJA,,,,,0,0,0,,1249000700573,11,,jony.widjaja78@gmail.com,0,2135623,2135623,0,0,,,FALSE,FALSE,,,609
2126944,GALAKSATAMA INTERNASIONAL,"JGEDUNG GRAND SLIPI TOWER LANTAI 9 UNIT O, CHR OFFICE, JALAN",0,Company,SEFTI MARDIANTI,TRUE,,ILHAM,,,,,0,0,0,,,11,,,"150,000,000",2126944,2126944,"143,165,000","6,835,000",01.05.2024,,FALSE,FALSE,,,398
CUS24060010,PT. TRI PERKASA,"JL. RAYA SIDOREJO, KABUPATEN SIDOARJO, JAWA TIMUR",081217733000,Company,ANDY ZUNAN HILMI,TRUE,,SERGIO FELIX ASALIM,,,,,0,0,0,,31.194.867.3-603.000,11,,triperkasa100@yahoo.com,0,2129770,2129770,0,0,,,FALSE,FALSE,,,521
CUS25030008,PT. BATARA INTEGRA NUSA,"JL. WIROSARI IA/B, KELURAHAN MENTENG, KECAMATAN MENTENG, JAKPUS",082113354828,Company,RIKI NOVA SURYATMAJA,TRUE,,MUHAMAD PAHLEVI,,,,,0,0,0,,20.708.307.2-071.000,11,,bataraintegranusa@gmail.com,0,2135573,2135573,0,0,,,FALSE,FALSE,,,605
CUS25030009,BILLY YOLANDA KUSSASANKO,"JL. RARAS WUYUNG NO. 1, RT.003 RW.003, KEL. BLITAR, KEC. SUKOREJO, BLITAR",,Retail,PUTRA BAGUS FERMANSYAH,TRUE,,BILLY YOLANDA KUSSASANKO,,,,,0,0,0,,71.545.528.3-653.000,11,,,0,2135572,2135572,0,0,,,FALSE,FALSE,,,606
CUS24110005,PT. RECIKI SOLUSI INDONESIA,PERUM KAHURIPAN NIRWANA C RAYA NO.80 SUMPUT SIDOARJO,08155029933 / 082140440005,Company,ADIB SUAIB,TRUE,,BHIMA ARIES DIYANTO,,,,,0,0,0,,92.807.695.9-012.000,11,,admin@reciki.co.id,"17,000,000",2134428,2134428,"13,240,000","3,760,000",28.04.2025,,FALSE,FALSE,,,554
CUS24090003,PT. TUJUH LAUTAN LOGISTIK,"JL. HR RASUNA SAID BLOK X-7 KAV V, KEL. KARET KUNINGAN, KEC. SETIABUDI, JAKSEL, DKI JAKARTA 12940",02122057809,Company,SEFTI MARDIANTI,TRUE,,STEMA PRAMONOJATI,,,,,0,0,0,,53.557.505.4-011.000,11,,7lautanlogistik@gmail.com,"50,000,000",2133585,2133585,"42,591,150","7,408,850",25.10.2024,,FALSE,FALSE,,,542
CUS25030010,PT. RAJAWALI KEMALA LOGISTIK,"JL. SIDOTOPO WETAN INDAH 3/2, KEL. SIDOTOPO WETAN, KEC. KENJERAN, SBY",085772288768,Company,PUTRA BAGUS FERMANSYAH,TRUE,,DINDA KUMALA SARI,,,,,0,0,0,,27.140.003.8-619.000,11,,pipitmurad427@gmail.com,0,2135571,2135571,0,0,,,FALSE,FALSE,,,607
CUS25030006,PT. HASEL MILEK JAYA,"JL. AIR HITAM GG. CENDANA, KEL. BINAWIDYA, KEC. BINAWIDYA",085278149330,Company,RIKI NOVA SURYATMAJA,TRUE,,WILLY WILIUS,,,,,0,0,0,,81.057.539.9-216.000,11,,haselmilekjayakarton@gmail.com,"50,000,000",2134764,2134764,"17,403,800","32,596,200",16.11.2025,,FALSE,FALSE,,,603
CUS24110007,CV. HAYAK MAJU BERKAH,"CITRALAND SURABAYA QUEEN STOWN Q2 NO.03, KEL. SAMBIKEREP, KEC. SAMBIKEREP, SURABAYA, JAWA TIMUR",0315741235,Company,PUTRA BAGUS FERMANSYAH,TRUE,,MASNUR HIDAYAH,,,,,0,0,0,,0410141816604000,11,,hayakmajuberkah@gmail.com,"30,000,000",2133697,2133697,0,0,,,FALSE,FALSE,,,556
CUS24100003,PT. APP PURINUSA EKA PERSADA,"GEDUNG SINAR MAS LAND PLAZA, MENARA 2 LT.9, JL. MH. THAMRIN NO. 51, KEL. GONDANGDIA, KEC. MENTENG,  ",021-3929266,Company,RIKI NOVA SURYATMAJA,FALSE,,,,,,,0,0,0,,01.347.720.3-073.000,11,,angtriana_putri@app.co.id,"333,000,000",2127190,2127190,"164,800,000","168,200,000",28.11.2025,,FALSE,FALSE,,,547
CUS25070002,PT. SURYA MULTI CEMERLANG,"JL. PANGLIMA SUDIRMAS NO. 23-25, KEL. EMBONG KALIASIN, KEC. GENTENG, KOTA SURABAYA",,Company,PUTRA BAGUS FERMANSYAH,TRUE,,EDO ALIF FANDHIARTO,,,,,0,0,0,,315710376611000,11,,,"20,000,000",2136650,,0,0,,,FALSE,FALSE,,,623
CUS24020002,CV. ROHMAT ARTHA MANDIRI,"JL. RAYA SUNAN DRAJAT, DRAJAT, PACIRAN, KABUPATEN LAMONGAN",081291260487,Company,PUTRA BAGUS FERMANSYAH,TRUE,,MOH. ROFIK,,,,,0,0,0,,833529753645000,11,,cvrohmatarthamandiri@gmail.com,"31,100,000",2131480,,"10,200,000","20,900,000",25.09.2025,,FALSE,FALSE,,,486
2104710,"K-NE GLOBAL PERSADA, PT",RAYA DESA MINDAHAN RT.001 RW 004 MINDAHAN BATE ALIT JEPARA,+62 821-3595-6138,Company,PUTRA BAGUS FERMANSYAH,TRUE,,BU BUDI,,,,,0,0,0,,,11,,,"50,000,000",2104710,2104710,"21,600,000","28,400,000",,,FALSE,FALSE,,,344
CUS24060017,PT. GLOBALINDO BANGUN USAHATAMA,"JL. AHMAD ADNAWIJAYA NO. 136, KEL. TEGAL GUNDIL, KEC. BOGOR UTARA",081225081555,Company,SEFTI MARDIANTI,TRUE,,ANTONIUS MEIDIAN,,,,,0,0,0,,50.197.461.2-404.000,11,,globalindobangunusahatama@gmail.com,"50,000,000",2132661,2132661,"3,000,000","47,000,000",23.09.2025,,FALSE,FALSE,,,528
CUS24080004,MAHKOTA JAYA MAS CV,"PERUMAHAN GRAND VERONA REGENCY BLOK F5 NOMOR 15, DAHAN REJO, KEBOMAS GRESIK",+62 813-3482-4388,Company,ARLI TRI WIGUNA,TRUE,,Udin,,,,,0,0,0,,,11,,,"60,000,000",2133334,2133334,"20,922,300","39,077,700",03.11.2024,,FALSE,FALSE,,,535
CUS24060011,PT. ZIZEL ASRI MAKMUR,"JL. KUBU DALAM NO. 5 RT.004 RW.002, KEL. KUBU DALAM PARAK KARAKAH, KEC. PADANG TIMUR",081374447227,Company,SEFTI MARDIANTI,TRUE,,YANDRI PEMILDO,,,,,0,0,0,,91.781.448.5-205.000,11,,info@zamlogistik.com,0,2132286,2132286,0,0,,,FALSE,FALSE,,,522
2100049,"SUMBER URIP SEJATI, PT","JL MARGOMULYO NO. 63, GREGES, SURABAYA",0,Company,RIKI NOVA SURYATMAJA,TRUE,,,,,,,0,0,0,,011228996631000,11,,,"50,000,000",2121573,2121573,"23,100,000","26,900,000",26.07.2025,,FALSE,FALSE,,,255
2103985,"SELO JOYO, PT",VILLA ROYAL C2/48 KEJAWAN PUTIHDS.TAMBAK KEC.MULYOREJO,08113588888,Company,RUDIANTO,TRUE,,,,,,,0,0,0,,,11,,,"500,000,000",2103985,2103985,"496,326,450","3,673,550",11.12.2024,,FALSE,FALSE,,,342
2103631,SINAR TAMBANG ARTHALESTARI,JL. RAYA AJIBARANG WANGON KM 4 TIPAR KID,021520650001,Company,RIKI NOVA SURYATMAJA,TRUE,,,,,,,0,0,0,,,11,,,"710,000,000",2103631,2103631,"309,766,400","400,233,600",29.12.2025,,FALSE,FALSE,,,314
CUS24030004,UD. WELAS JAYA HAURGEULIS (INDRAMAYU),"JL. RAJAWALI BLOK 08 RT.009 RW.005, DS. KERTANEGARA, KEC. HAURGEULIS, KAB. INDRAMAYU",,Company,ANDY ZUNAN HILMI,TRUE,,LINDA SARTIKA,,,,,0,0,0,,856797212416000,11,,welasjayaabadi@gmail.com,"30,000,000",2131990,,"2,800,000","27,200,000",06.12.2025,,FALSE,FALSE,,,495
2128869,CV SUMBER BANGUN PERKASA,KLAMPISREJO RT01/RW08 DS SIDOREJO KEC BENDOSARI,0271593069,Company,PUTRA BAGUS FERMANSYAH,TRUE,,,,,,,0,0,0,,,11,,ocvsbpj@yahoo.com,"10,000,000",2128869,2128869,0,0,,,FALSE,FALSE,,,450
CUS24110001,PT. BUMI RESOURCES INTI SUKSES,"JL. EMERALD VII NO.12 PERUM GRAHA BUNDER ASRI, KEL. KEMBANGAN, KEC. KEBOMAS, KAB. GRESIK",081259887168,Company,ARLI TRI WIGUNA,TRUE,,RIFAN,,,,,0,0,0,,48.605.875.3-612.000,11,,,"10,000,000",2134361,2134361,0,0,,,FALSE,FALSE,,,550
CUS24100001,PT KARYA LOGISTIK NUSANTARA,"JL. LETJEN MT. HARYONO KAV. 8 RT 012, RW 011, CIPINANG, CEMPEDAK, JATINEGARA KOTA ADM, JAKARTA TIMUR",,Company,BRAHIM,TRUE,,MUCHLIS ,,,,,0,0,0,,0627105398002000,11,,karya.logistiknusantara@gmail.com,"150,000,000",2133971,2133971,"28,663,168","121,336,832",23.11.2025,,FALSE,FALSE,,,545
CUS25040003,PT. INTI KARYA PERSADA TEHNIK,"JL. MT HARYONO KAV. 4-5, KEL. KEBON BARU, KEC. TEBET, KOTA JAKARTA SELATAN, DKI JAKARTA",0218292177,Company,RIKI NOVA SURYATMAJA,TRUE,,EIJI HOSOI,,,,,0,0,0,,,11,,ik.mail.ikpt@toyo-eng.com,"20,000,000",2132070,2132070,0,0,,,FALSE,FALSE,,,613
CUS25060003,PT. PLATINUM CERAMICS INDUSTRY,"JL. PANGLIMA SUDIRMAS NO. 23-25, KEL. EMBONG KALIASIN, KEC. GENTENG, KOTA SURABAYA, JATIM",-,Company,PUTRA BAGUS FERMANSYAH,TRUE,,EDO ALIF FANDHIARTO,,,,,0,0,0,,011329224631000,11,,-,"209,000,000",2135429,,"202,762,945","6,237,055",30.11.2025,,FALSE,FALSE,,,619
2121516,KH BETON,"JL RAYA BOYOLALI CEPOGO KM 5 DK PELEMAN JELOK, CEPOGO",081271068333,Company,PUTRA BAGUS FERMANSYAH,TRUE,,BU ELYA,,,,,0,0,0,,,11,,,"185,000,000",2121516,2121516,"75,979,080","109,020,920",21.11.2025,,FALSE,FALSE,,,350
CUS25020004,CHOLIFATUL UMMAH (PELANGGAN TUNAI),"JL. KARANGBENER, RT.003 RW.004, KEL. KARANGBENER, KEC. BAE, KAB. KUDUS",,Retail,PUTRA BAGUS FERMANSYAH,TRUE,,CHOLIFATUL UMMAH,,,,,0,0,0,,66.097.980.8-506.000,11,,,"45,000,000",2135318,2135318,0,0,,,FALSE,FALSE,,,588
2103649,"BUANA MEGAH, PT",JL. ARGOPURO NO 42 RT. 001 RW. 007 SAWAHAN SAWAHAN,081291754989,Company,PUTRA BAGUS FERMANSYAH,TRUE,,PAK TONI,,,,,0,0,0,,,11,,,"1,750,000,000",2103649,2103649,"830,258,547","919,741,453",28.11.2025,,FALSE,FALSE,,,317
2103592,"FAJAR SURYA WISESA TBK.,",JL. ABDUL MUIS NO.30 PETOJO SELATAN GAMBIR JAKARTA PUSAT,0213441316,Company,SEFTI MARDIANTI,TRUE,,IBU MARIA,,,,,0,0,0,,,11,,,"6,270,000,000",2103592,2103592,"5,186,305,173","1,083,694,827",24.11.2025,,FALSE,FALSE,,,301
2127611,KURNIA NIAGATAMA SEJAHTER,JL. RAYA SUTOREJO PRIMA NO 84 BLOK PR-7,0315994771,Company,PUTRA BAGUS FERMANSYAH,TRUE,,IBU SARI,,,,,0,0,0,,,11,,,"166,000,000",2127611,2127611,"131,406,164","34,593,836",22.11.2025,,FALSE,FALSE,,,420
2103618,PT. KNAUF PLASTERBOARD INDONESIA,GEDUNG PALMA TOWER 21 JALAN RA KARTINI III-S KAV. 6,00212753 8100,Company,PUTRA BAGUS FERMANSYAH,TRUE,,PAK CANDRA,,,,,0,0,0,,,11,,,"60,000,000",2103618,2103618,"44,936,579","15,063,421",19.11.2025,,FALSE,FALSE,,,309
2103583,"KUMALA KIRANA INDUSTRI, P",JL. PANGLIMA SUDIRMAN NO 23-25 RT 002RW 007 EMBONG KALIASIN,082141861458,Company,PUTRA BAGUS FERMANSYAH,TRUE,,IBU NIZA,,,,,0,0,0,,,11,,,"70,000,000",2103583,2103583,"33,262,646","36,737,354",01.12.2025,,FALSE,FALSE,,,300
CUS24110006,PT. TRASER MINERAL INDONESIA,"JL. ABDUL MUKTI RT.004 RW.001, KEL TAWANGREJENI, KEC TUREN, KAB. MALANG, JAWA TIMUR",081803848968,Company,PUTRA BAGUS FERMANSYAH,TRUE,,ARIF KURNIAWAN,,,,,0,0,0,,0860491695654000,11,,gstramindo@gmail.com,"150,000,000",2134460,2134460,"71,715,902","78,284,098",24.10.2025,,FALSE,FALSE,,,555
CUS24110014,PT. MEGADEPO INDONESIA,"JL. RAYA A. YANI 41-43, GEDANGAN RT.002 RW.002, SIDOARJO, JAWA TIMUR",08123020918,Company,PUTRA BAGUS FERMANSYAH,TRUE,,JOHNNY LIYANTO,,,,,0,0,0,,02.391.350.2-641.000,11,,depobangunan03@yahoo.com,"150,000,000",2130553,2130553,"21,726,000","128,274,000",06.11.2025,,FALSE,FALSE,,,563
CUS24110004,PT. SUMBER INTI PERKASA PEMBANGUNAN,"JL. RAYA PELEM WATU, KAB. GRESIK, JAWA TIMURN61174",081330283825,Company,PUTRA BAGUS FERMANSYAH,TRUE,,ISAAC WIHANDI PUTRA,,,,,0,0,0,,76.293.611.0-606.000,11,,isaacwihandi@yahoo.com,0,2128549,2128549,0,0,18.09.2025,,FALSE,FALSE,,,553
CUS25030013,PT. GARAM,"JL. RAYA KALIANGET NO. 9, KEL. KALIANGET BARAT, KEC. KALIANGET, KAB. SUMENEP",0315937581,Company,PUTRA BAGUS FERMANSYAH,TRUE,,FEFBRICO WARDONO,,,,,0,0,0,,010016244051000,11,,sistemmanajemen@ptgaram.com,"137,000,000",2135654,2135654,"61,500,000","75,500,000",18.11.2025,,FALSE,FALSE,,,610
CUS24110002,CV. MEGA BINTANG BERSAMA,"PERUM KUBU BALI BR. LAING, KEL. PANDAK BANDUNG, KEC. KEDIRI, KAB. TABANAN, BALI",,Company,PUTRA BAGUS FERMANSYAH,TRUE,,SARI EKAWATI WIJAYA,,,,,0,0,0,,0271375917908000,11,,,"510,000,000",2134360,2134360,"123,720,000","386,280,000",19.12.2025,,FALSE,FALSE,,,551
2101408,"INDAH KIAT PULP & PAPER TBK., PT",GEDUNG SINAR MAS LAND PLAZA MENARA 2 LT9 JL MH THAMRIN NO 51,0254280088,Company,SEFTI MARDIANTI,TRUE,,,,,,,0,0,0,,010005668092000,11,,,"8,979,000,000",2101408,2101408,"7,134,505,036","1,844,494,964",26.11.2025,,FALSE,FALSE,,,282
CUS24120003,PT. ANUGERAH MITRA ANANTA,"GADING BUKIT INDAH, JL. RAYA BUKIT GADING VILLA H/20, KELAPA GADING BARAT, JAKARTA UTARA",02186861062,Company,RIKI NOVA SURYATMAJA,TRUE,,WOEN TJOEN LIANG,,,,,0,0,0,,42.781.689.7-015.000,11,,franciska.anatasia@ama.id,"1,570,000,000",2134731,2134731,"1,118,243,000","451,757,000",24.11.2025,,FALSE,FALSE,,,566